start_date,end_date,finished,condition,subject,gender,age,mood_pre,mood_post,STAI_pre_1_1,STAI_pre_1_2,STAI_pre_1_3,STAI_pre_1_4,STAI_pre_1_5,STAI_pre_1_6,STAI_pre_1_7,STAI_pre_2_1,STAI_pre_2_2,STAI_pre_2_3,STAI_pre_2_4,STAI_pre_2_5,STAI_pre_2_6,STAI_pre_2_7,STAI_pre_3_1,STAI_pre_3_2,STAI_pre_3_3,STAI_pre_3_4,STAI_pre_3_5,STAI_pre_3_6,STAI_post_1_1,STAI_post_1_2,STAI_post_1_3,STAI_post_1_4,STAI_post_1_5,STAI_post_1_6,STAI_post_1_7,STAI_post_2_1,STAI_post_2_2,STAI_post_2_3,STAI_post_2_4,STAI_post_2_5,STAI_post_2_6,STAI_post_2_7,STAI_post_3_1,STAI_post_3_2,STAI_post_3_3,STAI_post_3_4,STAI_post_3_5,STAI_post_3_6,moral_dilemma_dog,moral_dilemma_wallet,moral_dilemma_plane,moral_dilemma_resume,moral_dilemma_kitten,moral_dilemma_trolley,moral_dilemma_control,presentation_experience,presentation_unpleasant,presentation_fun,presentation_challenge,PBC_1,PBC_2,PBC_3,PBC_4,PBC_5,REI_1,REI_2,REI_3,REI_4,REI_5,REI_6,REI_7,REI_8,REI_9,REI_10,REI_11,REI_12,REI_13,REI_14,REI_15,REI_16,REI_17,REI_18,REI_19,REI_20,REI_21,REI_22,REI_23,REI_24,REI_25,REI_26,REI_27,REI_28,REI_29,REI_30,REI_31,REI_32,REI_33,REI_34,REI_35,REI_36,REI_37,REI_38,REI_39,REI_40,MAIA_1_1,MAIA_1_2,MAIA_1_3,MAIA_1_4,MAIA_1_5,MAIA_1_6,MAIA_1_7,MAIA_1_8,MAIA_1_9,MAIA_1_10,MAIA_1_11,MAIA_1_12,MAIA_1_13,MAIA_1_14,MAIA_1_15,MAIA_1_16,MAIA_2_1,MAIA_2_2,MAIA_2_3,MAIA_2_4,MAIA_2_5,MAIA_2_6,MAIA_2_7,MAIA_2_8,MAIA_2_9,MAIA_2_10,MAIA_2_11,MAIA_2_12,MAIA_2_13,MAIA_2_14,MAIA_2_15,MAIA_2_16,STAI_pre,STAI_post,MAIA_noticing,MAIA_not_distracting,MAIA_not_worrying,MAIA_attention_regulation,MAIA_emotional_awareness,MAIA_self_regulation,MAIA_body_listening,MAIA_trusting,PBC,REI_rational_ability,REI_rational_engagement,REI_experiental_ability,REI_experiental_engagement,moral_judgment,moral_judgment_disgust,moral_judgment_non_disgust,presentation_evaluation,logbook,exclude
11/3/2014,11/3/2014,1,control,2,female,24,81,,2,1,2,2,2,2,2,2,1,1,1,1,1,1,2,2,2,1,2,2,,,,,,,,,,,,,,,,,,,,,9,9,8,7,9,5,9,,,,,3,3,5,5,5,5,4,5,4,4,5,3,4,3,4,5,5,3,4,4,4,3,5,1,3,5,3,4,2,3,5,5,3,3,4,3,3,4,3,4,3,4,4,4,4,2,4,4,4,2,2,2,3,4,4,4,3,4,4,4,4,4,4,4,4,4,4,4,4,4,4,4,3,3,4,4,4,32,,14,6,11,27,20,16,10,12,21,38,38,36,39,8,8.666666666666666,7,,,0
11/3/2014,11/3/2014,1,stress,1,female,19,59,42,3,2,3,1,3,2,3,3,2,2,2,2,3,1,3,3,3,2,3,3,3,3,3,3,2,2,3,2,2,3,3,3,3,1,2,2,3,2,3,3,9,9,9,8,9,3,2,2,63,58,58,,,,,,,,,,,,,,,,,,,,,,,,,,,,,,,,,,,,,,,,,,,,,,,,,,,,,,,,,,,,,,,,,,,,,,,,,,,,,,49,51,,,,,,,,,,,,,,7,9,6.666666666666667,3,,0
11/3/2014,11/3/2014,1,stress,3,female,19,22,60,4,3,3,3,4,2,3,4,2,3,4,4,4,2,4,3,2,3,4,4,3,3,2,2,2,1,1,3,1,3,3,1,1,1,3,3,1,1,3,3,8,7,8,5,8,5,9,1,68,26,65,,,,,,,,,,,,,,,,,,,,,,,,,,,,,,,,,,,,,,,,,,,,,,,,,,,,,,,,,,,,,,,,,,,,,,,,,,,,,,65,41,,,,,,,,,,,,,,7.142857142857143,8,5.666666666666667,3,,0
11/3/2014,11/3/2014,1,stress,4,female,22,53,68,2,2,2,2,3,1,1,3,1,3,3,1,1,2,3,3,2,1,3,3,2,2,1,1,2,1,1,2,1,2,2,1,1,2,2,2,1,1,3,2,8,4,8,6,9,2,8,2,32,59,80,,,,,,,,,,,,,,,,,,,,,,,,,,,,,,,,,,,,,,,,,,,,,,,,,,,,,,,,,,,,,,,,,,,,,,,,,,,,,,42,32,,,,,,,,,,,,,,6.428571428571429,8.333333333333334,4,4,,0
11/3/2014,11/3/2014,1,control,7,female,22,48,,1,1,1,1,2,1,1,3,1,3,3,1,1,1,1,2,2,1,3,3,,,,,,,,,,,,,,,,,,,,,3,9,9,5,5,4,8,,,,,3,3,3,3,2,3,3,3,3,4,3,3,3,3,3,3,,3,3,3,3,3,3,3,3,3,3,3,3,3,3,3,3,3,3,3,3,3,3,3,3,3,3,3,3,3,3,3,3,3,3,3,3,3,3,3,3,3,3,3,3,3,3,3,3,3,3,3,3,3,3,3,3,3,3,3,3,33,,12,9,9,21,15,12,9,9,14,31,,30,30,6.142857142857143,5.666666666666667,6,,,0
11/3/2014,11/3/2014,1,stress,6,female,22,73,73,2,2,1,1,2,1,2,2,1,2,2,2,2,1,2,2,2,1,2,2,2,2,1,1,2,1,2,2,1,2,2,1,1,1,2,2,1,1,3,3,9,9,9,9,8,5,6,2,63,54,50,,,,,,,,,,,,,,,,,,,,,,,,,,,,,,,,,,,,,,,,,,,,,,,,,,,,,,,,,,,,,,,,,,,,,,,,,,,,,,34,33,,,,,,,,,,,,,,7.857142857142857,8.666666666666666,7.666666666666667,4,,0
11/3/2014,11/3/2014,1,control,5,female,18,,,2,2,1,1,2,1,1,2,1,2,2,1,1,2,2,2,1,2,2,2,,,,,,,,,,,,,,,,,,,,,9,5,7,3,6,3,8,,,,,3,3,3,5,5,4,4,4,4,4,4,3,4,4,4,4,3,4,4,3,4,3,2,4,5,4,4,5,1,2,4,2,4,4,3,4,3,4,3,5,4,4,4,4,3,4,4,4,5,2,2,4,3,5,4,1,2,3,2,3,2,3,4,3,4,4,5,3,3,4,2,3,2,3,3,4,4,32,,17,8,12,16,20,12,8,11,19,37,26,43,40,5.857142857142857,7.333333333333333,3.6666666666666665,,,0
11/3/2014,11/3/2014,1,control,9,male,20,100,,1,1,1,1,1,1,1,2,1,1,1,1,1,1,1,1,1,1,1,1,,,,,,,,,,,,,,,,,,,,,9,4,1,7,9,1,7,,,,,1,4,1,4,4,4,5,5,5,5,5,5,5,3,4,5,4,2,2,4,4,4,5,3,5,5,3,5,5,3,5,1,3,4,4,5,1,4,4,5,4,3,4,3,5,3,4,4,4,5,2,3,5,6,2,3,3,5,5,4,5,5,5,2,4,4,4,2,3,4,4,3,0,3,4,4,4,21,,15,10,13,30,19,13,6,12,14,38,41,43,38,5.428571428571429,6.333333333333333,4,,,0
11/3/2014,11/3/2014,1,stress,16,female,21,67,74,2,2,1,1,2,1,1,2,1,2,2,1,1,1,2,2,1,2,2,2,2,2,1,1,2,1,1,2,1,2,2,1,1,1,2,2,1,1,2,2,6,9,3,9,9,1,8,2,14,78,47,,,,,,,,,,,,,,,,,,,,,,,,,,,,,,,,,,,,,,,,,,,,,,,,,,,,,,,,,,,,,,,,,,,,,,,,,,,,,,31,30,,,,,,,,,,,,,,6.428571428571429,6,6.333333333333333,4,,0
11/3/2014,11/3/2014,1,stress,13,female,19,30,68,4,2,3,3,3,1,3,4,2,3,4,3,3,1,4,3,3,3,4,4,2,2,1,2,3,1,1,2,1,3,3,1,1,1,3,3,1,1,3,3,6,8,9,8,9,9,6,2,54,42,64,,,,,,,,,,,,,,,,,,,,,,,,,,,,,,,,,,,,,,,,,,,,,,,,,,,,,,,,,,,,,,,,,,,,,,,,,,,,,,60,38,,,,,,,,,,,,,,7.857142857142857,8,8.333333333333334,3,,0
11/3/2014,11/3/2014,1,stress,18,female,19,55,57,2,3,1,1,2,1,1,3,1,2,3,1,1,2,2,2,1,1,2,2,2,2,2,1,3,3,1,3,1,3,3,1,2,2,3,4,1,2,3,3,8,7,9,5,8,2,7,2,82,7,72,,,,,,,,,,,,,,,,,,,,,,,,,,,,,,,,,,,,,,,,,,,,,,,,,,,,,,,,,,,,,,,,,,,,,,,,,,,,,,34,45,,,,,,,,,,,,,,6.571428571428571,8.333333333333334,4.666666666666667,3,,0
11/3/2014,11/3/2014,1,stress,14,female,18,53,38,1,2,2,2,2,1,1,3,1,3,3,2,1,1,2,2,1,1,2,2,3,2,2,2,3,2,1,2,1,3,3,1,1,1,3,3,2,1,3,3,7,9,6,9,9,4,8,2,82,18,68,,,,,,,,,,,,,,,,,,,,,,,,,,,,,,,,,,,,,,,,,,,,,,,,,,,,,,,,,,,,,,,,,,,,,,,,,,,,,,35,42,,,,,,,,,,,,,,7.428571428571429,7.333333333333333,7.333333333333333,3,,0
11/3/2014,11/3/2014,1,control,12,female,18,67,,2,2,2,1,2,2,2,2,1,3,3,1,1,2,3,2,2,1,3,2,,,,,,,,,,,,,,,,,,,,,9,9,9,8,7,5,8,,,,,4,2,4,3,4,2,2,4,2,3,2,3,2,4,2,2,3,4,3,3,3,4,4,2,3,3,2,4,2,3,4,4,3,3,4,2,3,4,4,2,3,2,3,2,3,1,4,4,3,3,2,2,5,3,2,4,2,3,2,4,3,3,2,4,3,3,3,2,2,2,3,4,2,2,2,3,3,39,,12,7,10,21,15,9,8,8,17,27,32,28,30,7.857142857142857,8.333333333333334,7.333333333333333,,,0
11/3/2014,11/3/2014,1,stress,17,female,18,79,59,1,1,2,1,2,1,1,4,1,3,3,2,2,3,2,3,1,1,2,2,2,2,1,1,2,1,1,4,1,3,3,2,2,2,3,3,2,1,3,3,9,9,9,9,9,5,3,2,100,0,0,,,,,,,,,,,,,,,,,,,,,,,,,,,,,,,,,,,,,,,,,,,,,,,,,,,,,,,,,,,,,,,,,,,,,,,,,,,,,,38,42,,,,,,,,,,,,,,7.571428571428571,9,7.666666666666667,3,,0
11/3/2014,11/3/2014,1,control,11,male,18,61,,1,1,2,1,2,1,3,3,1,2,2,1,2,1,3,2,2,1,3,2,,,,,,,,,,,,,,,,,,,,,6,7,4,7,6,3,7,,,,,2,4,3,3,2,5,2,3,5,4,4,5,3,3,2,5,5,2,3,4,3,5,5,3,2,5,1,3,4,3,3,4,2,4,4,3,4,3,4,2,2,5,4,2,5,1,3,3,3,2,2,2,5,5,4,5,3,5,4,4,4,4,4,3,4,4,5,1,2,1,1,4,3,3,5,5,5,36,,10,6,14,29,20,5,10,15,14,44,44,23,29,5.714285714285714,5.333333333333333,5.666666666666667,,,0
11/3/2014,11/3/2014,1,control,10,female,21,72,,2,2,2,2,2,1,2,4,1,4,3,1,1,2,3,3,2,1,4,3,,,,,,,,,,,,,,,,,,,,,7,9,9,8,9,4,6,,,,,5,5,2,5,4,2,5,5,5,3,5,3,5,5,5,3,2,4,3,4,,,,,,4,4,4,3,4,2,3,4,4,4,5,3,4,4,5,4,4,3,4,4,5,5,5,4,3,2,2,4,3,0,1,1,3,4,3,3,2,5,5,1,2,4,2,2,3,2,3,3,3,3,4,4,45,,19,7,7,17,17,9,9,11,21,,,,,7.428571428571429,8.333333333333334,7,,,0
11/3/2014,11/3/2014,1,control,8,female,19,59,,3,2,2,2,3,1,3,2,1,3,2,1,1,1,3,2,2,1,3,3,,,,,,,,,,,,,,,,,,,,,8,4,7,7,6,2,7,,,,,2,2,1,4,2,3,4,4,5,3,4,3,4,4,4,3,3,2,4,3,3,3,5,2,3,2,4,4,2,3,3,4,4,2,4,4,2,3,3,4,3,4,2,3,4,2,4,1,2,3,4,3,3,2,2,1,2,4,2,3,1,3,3,3,2,2,3,1,1,3,2,1,1,2,4,2,3,41,,9,10,7,16,13,7,4,9,11,27,36,38,32,5.857142857142857,7,4.333333333333333,,,0
11/3/2014,11/3/2014,1,stress,15,female,17,70,38,3,2,3,3,3,1,1,3,1,3,3,2,2,2,3,2,2,2,3,3,2,2,2,2,3,1,1,3,1,3,3,1,1,1,2,3,1,1,3,3,9,9,9,8,9,1,6,2,93,5,25,,,,,,,,,,,,,,,,,,,,,,,,,,,,,,,,,,,,,,,,,,,,,,,,,,,,,,,,,,,,,,,,,,,,,,,,,,,,,,47,39,,,,,,,,,,,,,,7.285714285714286,9,6,1,,0
11/3/2014,11/3/2014,1,control,23,female,23,78,,1,1,1,2,1,1,1,3,1,2,2,1,1,2,2,3,2,1,3,3,,,,,,,,,,,,,,,,,,,,,8,2,8,5,8,3,6,,,,,4,3,4,4,4,3,4,4,2,2,4,4,4,4,4,2,3,4,4,2,4,3,5,2,4,2,2,4,2,2,4,3,3,4,4,4,2,5,3,4,4,4,2,3,2,4,4,4,4,2,2,2,5,5,3,4,4,3,4,4,3,3,4,4,4,4,4,3,3,3,3,4,3,2,4,4,4,34,,16,6,13,25,20,12,9,12,19,24,30,37,40,5.714285714285714,8,3.3333333333333335,,,0
11/3/2014,11/3/2014,1,control,21,female,18,68,,2,4,1,2,3,1,1,2,1,2,3,1,1,1,3,2,1,1,3,2,,,,,,,,,,,,,,,,,,,,,5,7,8,7,9,6,7,,,,,3,1,3,2,3,2,2,2,4,4,2,2,2,3,2,4,4,2,2,3,2,4,5,3,2,4,1,3,2,3,2,4,1,2,4,2,4,2,5,2,1,5,3,2,4,3,2,2,1,3,3,4,3,4,3,1,1,2,1,0,0,2,4,2,3,1,1,1,1,1,3,3,1,1,3,3,2,37,,8,10,10,7,11,6,5,8,12,36,37,20,19,7,7.333333333333333,6.666666666666667,,,0
11/3/2014,11/3/2014,1,stress,25,female,19,60,53,3,2,1,2,2,1,1,2,1,2,2,1,1,2,2,2,1,1,2,2,2,2,1,1,2,1,1,2,1,4,2,1,1,1,2,2,1,2,2,2,9,8,8,8,8,5,5,2,44,65,59,,,,,,,,,,,,,,,,,,,,,,,,,,,,,,,,,,,,,,,,,,,,,,,,,,,,,,,,,,,,,,,,,,,,,,,,,,,,,,33,33,,,,,,,,,,,,,,7.285714285714286,8.333333333333334,7,2,,0
11/3/2014,11/3/2014,1,control,26,male,20,73,,1,2,2,1,2,2,2,3,2,4,2,2,2,1,2,2,1,1,2,2,,,,,,,,,,,,,,,,,,,,,9,8,9,8,9,6,8,,,,,2,4,2,5,3,4,4,3,4,5,2,4,2,3,4,3,2,4,4,3,4,4,1,4,3,4,3,4,4,3,2,3,2,4,4,3,1,4,3,3,2,4,4,3,2,2,4,2,2,5,3,2,5,4,4,4,4,3,3,3,4,3,4,2,3,2,4,3,2,1,2,3,2,3,4,3,4,38,,10,10,13,24,15,8,8,11,16,36,30,31,32,8.142857142857142,9,7.333333333333333,,,0
11/3/2014,11/3/2014,1,stress,24,female,20,66,0,3,2,2,1,2,1,2,2,1,2,2,2,2,1,2,2,2,1,2,2,4,2,2,2,3,1,1,4,1,3,3,2,2,1,3,4,1,2,3,3,8,3,3,7,8,2,7,2,90,0,13,,,,,,,,,,,,,,,,,,,,,,,,,,,,,,,,,,,,,,,,,,,,,,,,,,,,,,,,,,,,,,,,,,,,,,,,,,,,,,36,47,,,,,,,,,,,,,,5.428571428571429,6.333333333333333,4,1,,0
11/3/2014,11/3/2014,1,control,29,female,22,65,,3,2,2,1,3,1,1,2,1,2,1,2,1,1,3,2,2,1,3,1,,,,,,,,,,,,,,,,,,,,,9,9,8,6,9,3,9,,,,,4,5,3,4,3,4,4,4,5,5,4,3,3,4,3,4,4,5,4,5,5,3,5,2,4,5,4,5,5,2,2,4,3,5,3,4,3,3,4,4,3,4,4,5,3,2,5,3,2,4,2,3,2,4,3,4,3,5,3,4,2,2,4,4,5,5,4,2,3,4,4,5,3,2,4,4,5,35,,12,9,9,23,22,13,10,13,19,39,38,37,41,7.571428571428571,8.666666666666666,6,,,0
11/3/2014,11/3/2014,1,control,19,male,23,100,,2,1,2,2,1,1,1,1,1,1,2,2,2,3,1,1,1,1,2,1,,,,,,,,,,,,,,,,,,,,,9,5,9,9,9,5,5,,,,,5,5,5,5,5,2,4,3,5,3,5,1,3,3,4,1,2,5,3,1,3,4,4,5,3,4,1,5,1,3,1,3,1,3,5,4,5,2,5,3,2,1,2,2,3,5,5,5,5,2,1,1,6,5,4,5,5,5,4,5,5,5,5,3,5,5,5,5,5,3,5,4,5,3,5,5,5,29,,20,4,15,34,23,18,12,15,25,28,32,29,31,7.285714285714286,9,6.333333333333333,,,0
11/3/2014,11/3/2014,1,stress,22,female,18,13,37,4,3,3,4,3,3,4,4,3,4,4,3,3,4,4,4,3,3,3,4,3,3,2,2,3,3,3,2,1,3,3,2,1,2,3,3,1,3,3,3,9,8,5,8,4,2,8,2,100,15,75,,,,,,,,,,,,,,,,,,,,,,,,,,,,,,,,,,,,,,,,,,,,,,,,,,,,,,,,,,,,,,,,,,,,,,,,,,,,,,70,49,,,,,,,,,,,,,,6.285714285714286,6,6,2,,0
11/3/2014,11/3/2014,1,control,20,female,19,65,,1,2,1,1,2,2,2,3,1,2,3,1,1,2,1,2,1,1,3,3,,,,,,,,,,,,,,,,,,,,,2,9,8,7,7,3,7,,,,,4,2,2,2,1,3,5,4,4,4,3,3,3,3,4,3,4,2,4,4,3,2,4,3,4,4,2,3,3,2,3,3,4,3,3,4,2,3,3,4,3,5,3,4,3,3,1,4,2,3,3,2,3,5,3,4,3,4,4,3,3,3,3,2,4,4,4,3,3,2,3,3,3,3,4,4,4,35,,10,8,11,24,17,11,9,12,11,33,32,36,32,6.142857142857143,5.666666666666667,6.333333333333333,,,0
11/3/2014,11/3/2014,1,stress,28,male,22,53,68,2,2,1,2,2,1,1,3,1,2,3,1,1,1,2,2,1,1,2,3,3,3,2,2,3,2,1,2,1,3,3,1,1,1,3,2,1,1,3,3,2,8,6,7,8,4,9,2,20,84,88,,,,,,,,,,,,,,,,,,,,,,,,,,,,,,,,,,,,,,,,,,,,,,,,,,,,,,,,,,,,,,,,,,,,,,,,,,,,,,34,41,,,,,,,,,,,,,,6.285714285714286,5.333333333333333,6.333333333333333,3,skipped presentation because test leader knew participant,1
11/3/2014,11/3/2014,1,stress,30,female,20,64,74,2,2,2,2,2,1,1,3,1,2,2,2,2,1,2,2,2,1,2,2,2,2,1,1,1,1,1,3,1,2,2,1,1,1,2,2,1,2,2,2,9,9,9,9,9,5,4,2,20,42,24,,,,,,,,,,,,,,,,,,,,,,,,,,,,,,,,,,,,,,,,,,,,,,,,,,,,,,,,,,,,,,,,,,,,,,,,,,,,,,36,31,,,,,,,,,,,,,,7.714285714285714,9,7.666666666666667,3,,0
11/3/2014,11/3/2014,1,control,33,female,17,70,,1,1,1,1,1,1,2,2,1,2,3,1,1,1,2,2,2,1,2,2,,,,,,,,,,,,,,,,,,,,,3,7,7,7,6,5,7,,,,,4,4,2,4,2,5,3,4,4,4,3,4,3,3,3,5,4,3,3,5,3,4,4,1,4,5,4,4,4,3,4,4,4,3,4,3,3,3,3,4,2,4,4,3,4,2,4,2,4,4,2,2,4,4,4,4,4,4,4,4,3,3,2,3,3,4,4,3,3,4,3,3,3,3,3,3,3,30,,12,8,12,26,16,13,9,9,16,40,38,36,30,6,5.333333333333333,6.333333333333333,,,0
11/3/2014,11/3/2014,1,control,37,male,18,50,,3,2,3,3,3,1,2,4,3,3,2,1,1,2,4,3,2,1,3,3,,,,,,,,,,,,,,,,,,,,,9,3,4,6,9,1,4,,,,,2,5,4,5,5,5,3,2,3,4,4,5,2,3,3,4,4,4,3,4,4,3,4,3,3,4,3,4,4,4,3,5,5,5,4,2,4,2,3,3,2,3,4,4,3,4,4,4,4,3,5,4,6,6,1,4,4,4,4,4,4,4,4,4,1,2,4,3,3,2,2,3,2,3,5,5,5,49,,16,12,13,28,15,10,8,15,21,38,39,32,32,5.142857142857143,7.333333333333333,3.3333333333333335,,,0
11/3/2014,11/3/2014,1,stress,36,female,21,32,49,4,3,3,3,4,1,2,4,3,4,4,4,4,2,4,4,2,4,4,4,3,3,2,2,3,1,1,3,1,3,3,3,3,1,3,3,2,2,4,4,7,8,5,8,8,4,5,2,98,1,83,,,,,,,,,,,,,,,,,,,,,,,,,,,,,,,,,,,,,,,,,,,,,,,,,,,,,,,,,,,,,,,,,,,,,,,,,,,,,,67,50,,,,,,,,,,,,,,6.428571428571429,6.666666666666667,6.666666666666667,3,,0
11/3/2014,11/3/2014,1,stress,32,female,19,74,77,2,2,2,2,2,1,2,2,1,2,2,2,1,1,3,2,1,2,2,2,3,2,2,1,2,1,2,2,1,2,2,2,1,1,2,2,2,2,2,2,9,9,9,9,9,3,3,2,90,3,81,,,,,,,,,,,,,,,,,,,,,,,,,,,,,,,,,,,,,,,,,,,,,,,,,,,,,,,,,,,,,,,,,,,,,,,,,,,,,,36,36,,,,,,,,,,,,,,7.285714285714286,9,7,3,"did not understand presentation instructions, didn't present",1
11/3/2014,11/3/2014,1,control,35,female,18,84,,2,1,2,2,1,1,1,2,1,2,2,1,1,1,3,2,1,1,4,2,,,,,,,,,,,,,,,,,,,,,8,9,9,7,5,2,7,,,,,5,2,4,1,2,5,4,5,2,4,4,5,5,5,5,5,4,2,5,5,5,5,4,4,4,5,4,5,2,4,3,1,5,5,5,5,3,4,4,5,4,5,4,5,4,3,4,1,3,4,4,1,5,3,1,2,1,1,4,4,4,4,1,2,5,5,5,3,4,4,4,3,3,3,4,4,4,33,,11,9,9,20,18,15,9,12,14,45,35,45,44,6.714285714285714,7.333333333333333,6,,,0
11/3/2014,11/3/2014,1,control,31,female,23,69,,2,2,2,1,2,1,2,2,1,2,2,2,2,2,2,2,2,1,2,2,,,,,,,,,,,,,,,,,,,,,8,7,8,7,8,4,4,,,,,3,4,4,5,4,5,4,4,4,4,4,4,5,4,4,5,4,3,5,4,4,4,4,3,4,5,3,4,4,3,4,4,4,4,4,4,3,3,4,4,3,4,4,4,3,3,3,2,3,2,2,2,5,5,4,3,2,3,3,3,3,3,5,2,3,3,4,2,3,4,4,1,1,1,3,3,4,36,,11,6,14,20,17,13,3,10,20,41,38,39,39,6.571428571428571,8,6,,,0
11/3/2014,11/3/2014,1,stress,34,female,18,63,65,2,1,2,1,2,2,1,2,1,2,2,1,1,2,2,2,1,1,2,2,2,1,1,1,2,1,1,2,1,2,2,1,1,2,2,2,1,1,2,2,3,4,8,8,8,7,8,2,73,31,57,,,,,,,,,,,,,,,,,,,,,,,,,,,,,,,,,,,,,,,,,,,,,,,,,,,,,,,,,,,,,,,,,,,,,,,,,,,,,,32,30,,,,,,,,,,,,,,6.571428571428571,6.333333333333333,6.333333333333333,4,,0
11/3/2014,11/3/2014,1,stress,38,female,18,67,79,2,2,2,2,3,1,4,3,1,2,2,2,2,1,3,2,2,2,3,2,2,2,1,1,2,1,4,2,1,2,2,1,1,1,1,2,1,1,2,2,8,9,8,9,9,5,7,2,68,68,100,,,,,,,,,,,,,,,,,,,,,,,,,,,,,,,,,,,,,,,,,,,,,,,,,,,,,,,,,,,,,,,,,,,,,,,,,,,,,,43,32,,,,,,,,,,,,,,7.857142857142857,8.333333333333334,7.666666666666667,4,,0
11/3/2014,11/3/2014,1,control,40,male,22,19,,3,1,3,3,2,3,3,2,2,2,2,3,3,2,3,3,1,1,4,3,,,,,,,,,,,,,,,,,,,,,9,6,1,1,9,7,3,,,,,4,4,4,4,4,5,5,4,5,5,5,5,5,5,5,4,5,5,5,5,5,4,1,5,,,,,,5,3,3,5,5,5,5,5,5,5,5,3,3,3,3,3,3,3,3,2,4,3,3,4,3,2,2,3,2,3,3,3,2,3,3,2,3,3,3,2,3,3,3,2,3,3,3,2,49,,11,10,9,18,14,11,8,8,20,,,,45,5.142857142857143,6.333333333333333,4.666666666666667,,,0
11/3/2014,11/3/2014,1,control,39,male,20,87,,1,1,1,1,1,1,1,2,1,1,1,1,1,1,2,1,1,1,2,1,,,,,,,,,,,,,,,,,,,,,7,8,9,4,9,5,6,,,,,2,4,1,4,4,5,3,3,4,4,4,4,4,4,3,4,5,4,4,4,4,3,2,3,5,5,2,4,4,3,2,3,4,3,4,4,1,2,4,4,3,5,4,5,4,3,4,4,3,4,3,2,4,5,4,5,4,4,3,3,4,4,2,1,3,4,3,3,4,3,2,1,1,3,5,5,4,23,,14,9,13,27,13,12,5,14,15,38,37,35,36,6.857142857142857,8.333333333333334,5.666666666666667,,,0
11/4/2014,11/4/2014,1,stress,42,female,19,58,45,2,2,1,1,2,2,1,3,1,3,3,1,1,2,3,3,1,1,4,3,3,3,2,2,3,2,1,4,1,3,4,2,1,2,3,4,1,1,3,4,9,7,6,7,9,7,7,2,100,15,66,,,,,,,,,,,,,,,,,,,,,,,,,,,,,,,,,,,,,,,,,,,,,,,,,,,,,,,,,,,,,,,,,,,,,,,,,,,,,,40,49,,,,,,,,,,,,,,7.428571428571429,8,7,2,,0
11/4/2014,11/4/2014,1,control,41,female,26,84,,3,3,2,1,3,1,3,2,1,2,3,1,1,2,3,2,2,1,3,2,,,,,,,,,,,,,,,,,,,,,9,9,8,9,9,1,8,,,,,5,2,5,5,5,5,5,4,5,5,3,3,4,3,3,5,5,4,5,5,5,5,5,5,5,5,3,5,5,4,4,5,2,3,4,2,4,5,4,5,4,5,5,1,5,5,5,2,4,6,1,1,6,5,4,3,4,4,4,4,4,1,5,5,5,5,3,1,4,3,1,4,1,0,3,5,5,41,,16,8,15,24,23,9,5,13,22,49,45,37,38,7.571428571428571,8.666666666666666,6.333333333333333,,,0
11/4/2014,11/4/2014,1,stress,43,female,19,58,57,3,3,3,3,4,1,3,4,2,3,2,3,3,1,3,2,3,3,3,3,3,2,1,1,2,2,2,2,2,3,2,1,1,1,2,2,2,2,3,3,8,6,4,7,9,3,9,2,58,36,66,,,,,,,,,,,,,,,,,,,,,,,,,,,,,,,,,,,,,,,,,,,,,,,,,,,,,,,,,,,,,,,,,,,,,,,,,,,,,,55,39,,,,,,,,,,,,,,6.571428571428571,7,5.333333333333333,3,,0
11/4/2014,11/4/2014,1,stress,46,female,19,57,45,3,2,2,2,2,1,1,3,1,3,3,2,1,1,3,3,1,2,3,3,3,2,1,1,3,2,1,3,1,3,3,1,1,1,3,3,1,1,3,3,9,9,8,8,8,4,7,2,54,45,56,,,,,,,,,,,,,,,,,,,,,,,,,,,,,,,,,,,,,,,,,,,,,,,,,,,,,,,,,,,,,,,,,,,,,,,,,,,,,,42,40,,,,,,,,,,,,,,7.571428571428571,8.333333333333334,7,5,,0
11/4/2014,11/4/2014,1,control,44,female,19,62,,2,1,2,3,2,1,1,4,1,2,2,1,1,1,3,3,1,1,2,2,,,,,,,,,,,,,,,,,,,,,9,2,9,8,7,5,9,,,,,5,5,5,4,4,5,4,4,1,2,3,1,3,4,4,2,4,3,3,2,3,1,5,1,3,2,3,5,1,1,5,4,5,5,1,4,1,2,1,4,2,4,2,3,1,5,5,4,2,5,5,2,3,3,3,4,4,4,3,3,4,4,4,5,5,3,4,2,3,2,2,2,1,1,4,4,3,36,,16,12,9,26,21,9,4,11,23,22,20,41,31,7,8.333333333333334,5,,,0
11/4/2014,11/4/2014,1,control,45,female,21,40,,3,3,3,3,4,2,3,3,2,4,4,2,2,3,3,3,2,2,3,3,,,,,,,,,,,,,,,,,,,,,9,2,9,8,9,2,1,,,,,4,3,1,5,3,1,3,4,2,2,3,4,3,2,3,1,2,4,2,1,1,4,4,2,2,1,1,3,1,1,3,2,3,1,1,4,2,2,2,3,2,4,1,2,2,2,4,2,2,5,3,4,4,2,3,0,1,2,2,2,2,2,4,4,4,2,3,2,3,2,1,1,1,1,1,2,2,57,,10,12,9,11,17,8,3,5,16,19,21,27,24,5.714285714285714,9,4,,,0
11/4/2014,11/4/2014,1,stress,50,female,18,75,70,2,3,2,2,2,1,1,3,1,2,3,2,2,1,3,3,2,1,3,3,2,3,1,1,3,1,1,2,1,3,3,1,1,1,2,2,1,1,3,3,4,6,3,5,8,2,6,2,45,61,76,,,,,,,,,,,,,,,,,,,,,,,,,,,,,,,,,,,,,,,,,,,,,,,,,,,,,,,,,,,,,,,,,,,,,,,,,,,,,,42,36,,,,,,,,,,,,,,4.857142857142857,5,4.333333333333333,4,,0
11/4/2014,11/4/2014,1,control,47,female,19,51,,2,2,1,1,2,1,2,2,1,2,2,1,1,1,2,2,1,1,2,2,,,,,,,,,,,,,,,,,,,,,8,9,6,8,9,2,8,,,,,2,2,2,2,2,5,4,4,5,5,4,5,4,4,4,5,4,4,5,5,4,3,5,5,4,5,4,4,4,5,4,4,4,4,5,4,5,3,4,4,3,4,4,4,5,0,3,3,1,5,3,3,5,5,3,2,1,3,2,2,3,2,2,3,3,2,3,3,2,3,3,2,3,2,4,4,3,31,,7,11,13,15,13,11,7,11,10,46,46,40,39,7.142857142857143,7.666666666666667,6.333333333333333,,,0
11/4/2014,11/4/2014,1,stress,49,male,23,63,75,1,2,2,2,3,1,1,3,1,3,2,1,1,2,3,3,1,1,2,3,3,3,2,2,3,1,1,2,1,3,3,2,2,1,3,3,1,1,2,3,4,8,9,6,5,2,7,2,18,58,79,,,,,,,,,,,,,,,,,,,,,,,,,,,,,,,,,,,,,,,,,,,,,,,,,,,,,,,,,,,,,,,,,,,,,,,,,,,,,,38,42,,,,,,,,,,,,,,5.857142857142857,6,5.333333333333333,5,,0
11/4/2014,11/4/2014,1,stress,51,female,20,44,40,2,3,1,1,3,1,1,2,1,3,3,1,1,2,2,3,1,2,4,3,4,3,2,2,3,1,1,2,1,3,3,2,2,1,4,3,1,2,3,4,9,8,8,6,9,2,6,1,78,13,11,,,,,,,,,,,,,,,,,,,,,,,,,,,,,,,,,,,,,,,,,,,,,,,,,,,,,,,,,,,,,,,,,,,,,,,,,,,,,,40,47,,,,,,,,,,,,,,6.857142857142857,8.666666666666666,5.333333333333333,4,,0
11/4/2014,11/4/2014,1,control,48,male,20,45,,2,2,2,1,2,1,1,3,1,3,2,2,1,1,2,2,2,1,3,2,,,,,,,,,,,,,,,,,,,,,7,2,4,6,8,5,4,,,,,1,2,2,3,4,4,4,3,3,3,3,4,4,4,3,5,4,4,4,4,3,4,4,2,3,5,2,3,2,3,1,3,3,3,4,2,3,2,3,3,3,2,3,3,3,1,3,3,4,3,4,3,4,2,2,3,3,2,2,3,2,3,2,3,3,2,3,1,2,1,2,2,2,3,3,3,3,36,,11,10,8,18,13,6,7,9,12,35,33,28,32,5.142857142857143,6.333333333333333,4.333333333333333,,,0
11/4/2014,11/4/2014,1,control,52,female,19,67,,3,1,3,2,2,3,4,2,1,2,3,1,1,3,3,2,4,1,3,2,,,,,,,,,,,,,,,,,,,,,9,7,3,5,9,5,7,,,,,5,2,5,3,4,5,2,3,3,4,1,4,3,4,3,4,5,4,2,4,3,3,4,4,2,4,2,4,2,3,2,4,5,3,2,3,2,2,2,3,3,5,3,4,3,4,5,5,5,2,4,3,3,4,4,3,2,3,3,3,1,3,2,4,4,4,4,1,2,5,2,3,2,1,4,4,4,46,,19,9,11,18,18,10,6,12,19,38,32,30,28,6.428571428571429,7,5.666666666666667,,,0
11/4/2014,11/4/2014,1,stress,53,female,19,62,29,3,3,2,2,3,1,2,3,1,3,4,2,2,2,3,3,2,2,4,3,4,4,3,3,3,3,2,4,1,4,4,2,2,2,4,4,2,3,4,4,9,9,7,7,9,6,5,2,100,1,44,,,,,,,,,,,,,,,,,,,,,,,,,,,,,,,,,,,,,,,,,,,,,,,,,,,,,,,,,,,,,,,,,,,,,,,,,,,,,,50,62,,,,,,,,,,,,,,7.428571428571429,8.333333333333334,7.333333333333333,1,,0
11/4/2014,11/4/2014,1,stress,60,female,18,67,41,3,1,2,2,2,1,2,2,2,2,3,3,3,1,3,2,2,1,2,2,2,2,1,2,2,1,1,2,1,1,2,1,1,1,2,2,1,1,2,2,8,9,8,9,7,4,9,2,85,22,85,,,,,,,,,,,,,,,,,,,,,,,,,,,,,,,,,,,,,,,,,,,,,,,,,,,,,,,,,,,,,,,,,,,,,,,,,,,,,,41,30,,,,,,,,,,,,,,7.714285714285714,7.666666666666667,7.333333333333333,3,,0
11/4/2014,11/4/2014,1,control,55,male,17,58,,1,1,1,1,2,1,2,2,1,2,2,1,1,2,1,2,2,1,2,2,,,,,,,,,,,,,,,,,,,,,3,5,5,7,5,4,5,,,,,2,2,3,4,1,4,3,4,4,5,3,3,3,4,3,5,4,2,4,4,3,4,2,3,4,4,3,4,3,2,3,4,3,3,3,3,4,2,3,3,2,3,4,2,3,2,4,4,3,2,2,2,4,4,4,3,3,2,3,3,3,3,2,3,3,4,4,3,2,1,1,1,1,2,4,3,3,30,,13,6,12,20,16,7,4,10,12,40,31,33,28,4.857142857142857,4.333333333333333,5.333333333333333,,,0
11/4/2014,11/4/2014,1,control,56,female,18,69,,2,2,1,1,2,1,1,3,1,3,2,1,1,1,2,3,1,2,2,3,,,,,,,,,,,,,,,,,,,,,7,5,4,9,8,2,6,,,,,4,4,3,4,4,4,4,3,3,4,4,2,4,3,4,3,4,4,3,3,3,4,4,1,3,3,3,4,4,4,1,2,3,4,4,3,2,4,3,3,3,2,2,3,3,4,4,4,3,5,4,3,3,4,2,2,3,3,4,4,3,4,3,3,4,4,4,2,3,3,2,2,1,3,3,3,4,35,,15,12,9,23,18,10,6,10,19,28,33,31,35,5.857142857142857,6.333333333333333,5.333333333333333,,,0
11/4/2014,11/4/2014,1,stress,58,female,17,56,60,3,2,2,3,3,2,3,3,2,3,3,3,3,1,3,3,2,3,3,3,2,2,1,1,2,1,1,2,1,3,3,1,1,1,2,2,1,1,3,3,7,8,7,7,8,4,6,2,27,7,40,,,,,,,,,,,,,,,,,,,,,,,,,,,,,,,,,,,,,,,,,,,,,,,,,,,,,,,,,,,,,,,,,,,,,,,,,,,,,,53,34,,,,,,,,,,,,,,6.714285714285714,7.333333333333333,6.333333333333333,3,did not expect to actually give a presentation,0
11/4/2014,11/4/2014,1,stress,59,male,22,65,65,2,2,2,1,2,1,1,3,1,3,3,1,1,2,3,3,1,2,3,3,2,2,2,1,3,1,1,3,1,3,3,2,1,2,2,3,1,2,3,3,9,7,9,7,9,5,3,2,63,32,63,,,,,,,,,,,,,,,,,,,,,,,,,,,,,,,,,,,,,,,,,,,,,,,,,,,,,,,,,,,,,,,,,,,,,,,,,,,,,,40,41,,,,,,,,,,,,,,7,9,6.333333333333333,3,,0
11/4/2014,11/4/2014,1,control,62,female,18,57,,1,1,1,1,2,1,1,2,1,2,2,1,2,2,2,2,2,1,2,2,,,,,,,,,,,,,,,,,,,,,1,8,4,7,5,1,2,,,,,4,1,1,4,1,3,4,3,2,1,3,2,4,3,4,2,4,4,3,3,4,2,4,1,3,3,2,4,3,2,4,3,2,4,4,2,2,2,3,3,2,3,2,3,3,4,3,2,1,4,3,4,4,4,2,3,3,4,3,2,2,2,2,2,2,2,3,2,2,1,1,1,1,1,3,3,3,31,,10,11,10,19,11,6,3,9,11,22,30,31,32,4,3.3333333333333335,5.333333333333333,,,0
11/4/2014,11/4/2014,1,control,57,female,19,48,,3,2,2,2,3,2,2,3,1,4,3,2,2,3,4,4,1,2,4,4,,,,,,,,,,,,,,,,,,,,,8,8,9,8,8,2,7,,,,,4,2,5,5,5,5,4,4,5,5,5,5,4,5,4,5,4,2,5,5,4,1,1,5,4,4,4,4,2,5,2,4,5,5,5,5,5,5,5,1,3,2,4,3,4,4,4,4,4,4,3,4,5,2,3,1,2,2,3,4,2,2,4,3,4,2,3,3,4,3,3,4,2,2,1,4,3,53,,16,11,10,16,16,13,8,8,21,41,40,38,40,7.142857142857143,8.333333333333334,6,,,0
11/4/2014,11/4/2014,1,stress,54,female,18,44,79,3,1,2,1,3,2,1,2,1,2,2,2,2,1,3,2,1,1,4,3,1,1,1,1,1,1,1,2,1,1,2,1,1,1,1,1,1,1,2,1,8,9,8,7,8,2,8,2,97,8,97,,,,,,,,,,,,,,,,,,,,,,,,,,,,,,,,,,,,,,,,,,,,,,,,,,,,,,,,,,,,,,,,,,,,,,,,,,,,,,39,23,,,,,,,,,,,,,,7.142857142857143,8,6,3,,0
11/4/2014,11/4/2014,1,stress,63,female,20,49,26,2,2,2,2,3,1,1,4,1,4,3,2,2,3,3,3,2,1,3,3,4,3,3,3,3,3,2,4,1,4,4,3,3,3,4,3,2,3,3,3,8,4,9,7,9,7,5,2,91,29,63,,,,,,,,,,,,,,,,,,,,,,,,,,,,,,,,,,,,,,,,,,,,,,,,,,,,,,,,,,,,,,,,,,,,,,,,,,,,,,47,61,,,,,,,,,,,,,,7,8.666666666666666,6,3,,0
11/4/2014,11/4/2014,1,control,64,female,18,76,,3,1,1,1,1,1,2,1,1,1,2,1,1,1,1,1,2,1,2,1,,,,,,,,,,,,,,,,,,,,,2,9,8,8,8,4,7,,,,,1,3,1,3,1,3,4,4,3,5,4,3,4,3,4,4,3,2,4,4,3,5,4,2,4,4,3,4,4,4,2,5,4,4,5,4,3,4,3,4,3,4,4,2,4,1,4,2,0,3,2,1,5,6,4,3,3,4,3,2,1,1,2,0,3,4,4,1,2,1,0,0,0,0,1,1,1,26,,7,6,15,17,13,4,0,3,9,38,38,36,34,6.571428571428571,6,7,,,0
11/4/2014,11/4/2014,1,stress,61,female,27,50,64,2,1,1,2,3,1,1,4,1,3,3,1,1,2,2,3,2,1,3,3,2,1,1,2,3,1,1,4,1,3,2,1,1,2,2,3,1,1,3,3,9,8,9,5,9,5,2,1,98,1,64,,,,,,,,,,,,,,,,,,,,,,,,,,,,,,,,,,,,,,,,,,,,,,,,,,,,,,,,,,,,,,,,,,,,,,,,,,,,,,40,38,,,,,,,,,,,,,,6.714285714285714,9,6,4,,0
11/4/2014,11/4/2014,1,control,65,female,19,30,,3,3,2,2,4,1,2,3,2,3,4,2,2,1,3,3,2,1,3,3,,,,,,,,,,,,,,,,,,,,,9,7,4,9,8,4,2,,,,,4,4,4,3,2,4,3,3,2,4,1,3,4,4,4,3,3,2,3,2,4,3,3,2,3,3,3,4,2,3,2,4,3,3,4,4,3,3,3,3,3,4,3,3,3,4,4,4,3,4,4,1,4,3,2,1,1,3,2,2,3,3,3,4,4,4,4,4,5,2,1,1,1,2,4,3,3,49,,15,9,9,15,19,12,4,10,17,31,30,33,29,6.142857142857143,7,6.666666666666667,,,0
11/4/2014,11/4/2014,1,control,69,female,18,64,,3,2,2,2,2,1,2,3,2,2,3,2,2,3,3,3,3,2,4,3,,,,,,,,,,,,,,,,,,,,,8,6,8,7,6,3,2,,,,,4,3,3,4,4,4,3,2,4,3,4,3,4,3,4,4,4,4,3,3,4,4,2,2,3,4,3,4,2,2,2,2,3,4,3,4,2,4,3,2,3,4,3,2,3,1,4,2,3,4,5,4,3,2,1,4,4,3,1,3,1,3,2,4,4,3,4,2,2,3,2,3,3,4,4,4,4,49,,10,13,6,19,17,9,10,12,18,33,28,31,34,5.714285714285714,7.333333333333333,5.333333333333333,,,0
11/4/2014,11/4/2014,1,stress,68,female,18,44,66,3,3,3,3,3,1,1,3,1,3,3,2,2,1,3,3,1,1,3,2,1,2,1,2,3,1,1,2,1,2,2,1,1,1,2,2,1,1,2,2,2,9,8,5,8,4,5,2,8,89,70,,,,,,,,,,,,,,,,,,,,,,,,,,,,,,,,,,,,,,,,,,,,,,,,,,,,,,,,,,,,,,,,,,,,,,,,,,,,,,45,31,,,,,,,,,,,,,,5.857142857142857,6,6,4,,0
11/4/2014,11/4/2014,1,control,70,female,20,54,,1,3,1,1,3,1,1,3,1,3,2,1,1,2,2,3,1,2,2,2,,,,,,,,,,,,,,,,,,,,,6,6,7,4,8,2,7,,,,,4,4,3,4,5,5,4,4,5,5,3,5,4,4,3,5,4,4,4,5,4,4,4,3,2,5,2,4,2,4,2,5,4,5,5,4,4,3,3,4,3,5,5,4,4,3,3,3,4,4,2,1,3,3,2,4,4,4,4,4,4,4,4,4,3,4,3,4,4,2,4,2,1,1,4,4,3,36,,13,7,8,28,18,14,4,11,20,46,41,33,38,5.714285714285714,7,4,,,0
11/4/2014,11/4/2014,1,stress,66,female,20,77,22,2,2,1,2,2,1,1,3,1,2,2,1,1,2,2,2,1,1,2,2,4,2,2,3,2,4,1,3,1,2,3,1,1,1,2,3,1,2,2,2,9,8,8,8,9,6,5,2,16,15,30,,,,,,,,,,,,,,,,,,,,,,,,,,,,,,,,,,,,,,,,,,,,,,,,,,,,,,,,,,,,,,,,,,,,,,,,,,,,,,33,42,,,,,,,,,,,,,,7.571428571428571,8.666666666666666,7.333333333333333,3,thought the presentation instructions were fake,0
11/4/2014,11/4/2014,1,control,71,female,18,75,,2,1,1,2,2,1,2,3,1,2,2,2,2,1,1,2,2,1,2,2,,,,,,,,,,,,,,,,,,,,,9,6,7,8,8,2,8,,,,,4,4,2,4,1,4,3,3,5,4,4,3,4,4,4,5,5,2,3,3,4,3,5,2,2,4,2,4,5,4,4,4,3,4,3,4,1,4,4,3,3,3,4,2,3,3,5,2,4,4,3,4,4,5,3,3,3,4,2,1,2,3,4,4,3,4,4,1,2,3,1,2,1,3,4,4,4,34,,14,11,12,18,19,7,6,12,15,33,41,33,33,6.857142857142857,8,5.333333333333333,,,0
11/4/2014,11/4/2014,1,stress,73,female,19,25,72,4,3,3,3,4,2,3,3,3,3,4,3,3,2,4,3,2,2,4,4,2,2,1,1,2,1,2,2,1,2,2,1,1,1,2,2,2,1,2,2,6,9,5,9,9,5,6,2,80,26,60,,,,,,,,,,,,,,,,,,,,,,,,,,,,,,,,,,,,,,,,,,,,,,,,,,,,,,,,,,,,,,,,,,,,,,,,,,,,,,62,32,,,,,,,,,,,,,,7,6.666666666666667,7.666666666666667,4,,0
11/4/2014,11/4/2014,1,control,67,female,20,83,,2,2,1,2,1,1,1,2,1,2,2,2,1,2,2,1,1,2,2,2,,,,,,,,,,,,,,,,,,,,,3,8,9,8,7,3,5,,,,,5,5,2,5,4,4,5,4,2,4,3,2,4,4,2,4,3,3,5,4,4,3,5,2,3,3,5,5,2,4,5,4,5,3,3,5,4,2,3,5,4,5,3,2,2,4,5,3,4,5,2,3,3,1,1,1,1,2,3,2,4,4,4,4,5,4,5,2,2,4,4,5,4,4,5,5,3,32,,16,10,5,17,22,12,13,13,21,36,30,44,34,6.142857142857143,6.333333333333333,6.333333333333333,,,0
11/4/2014,11/4/2014,1,stress,72,female,18,60,100,2,2,1,1,2,1,1,3,1,2,2,1,1,1,2,2,1,2,2,2,1,1,1,1,1,1,1,2,1,2,1,1,1,1,2,2,1,1,2,2,8,7,8,8,8,2,8,2,0,87,63,,,,,,,,,,,,,,,,,,,,,,,,,,,,,,,,,,,,,,,,,,,,,,,,,,,,,,,,,,,,,,,,,,,,,,,,,,,,,,32,26,,,,,,,,,,,,,,7,8,5.666666666666667,5,,0
11/4/2014,11/4/2014,1,stress,75,male,18,42,72,4,4,3,3,4,2,2,4,2,2,4,4,4,2,4,4,3,3,4,4,2,2,2,2,2,1,1,2,1,1,2,2,2,2,3,2,2,2,2,2,9,9,7,9,9,4,4,2,81,86,72,,,,,,,,,,,,,,,,,,,,,,,,,,,,,,,,,,,,,,,,,,,,,,,,,,,,,,,,,,,,,,,,,,,,,,,,,,,,,,66,37,,,,,,,,,,,,,,7.285714285714286,8.333333333333334,7.333333333333333,3,,0
11/4/2014,11/4/2014,1,stress,75,male,18,42,72,4,4,3,3,4,2,2,4,2,2,4,4,4,2,4,4,3,3,4,4,2,2,2,2,2,1,1,2,1,1,2,2,2,2,3,2,2,2,2,2,9,9,7,9,9,4,4,2,81,86,72,,,,,,,,,,,,,,,,,,,,,,,,,,,,,,,,,,,,,,,,,,,,,,,,,,,,,,,,,,,,,,,,,,,,,,,,,,,,,,66,37,,,,,,,,,,,,,,7.285714285714286,8.333333333333334,7.333333333333333,3,,0
11/4/2014,11/4/2014,1,control,74,female,23,94,,1,1,1,1,2,1,1,3,1,3,2,1,1,1,2,2,1,1,2,2,,,,,,,,,,,,,,,,,,,,,8,8,9,4,4,1,9,,,,,3,2,3,4,5,5,3,3,4,5,2,4,3,3,3,5,2,4,3,3,5,4,5,4,5,5,3,4,2,2,2,4,3,4,3,3,3,2,4,4,3,5,3,3,4,3,4,3,4,3,2,3,4,6,2,4,4,3,3,3,3,3,2,4,5,5,5,4,4,4,4,3,3,3,5,5,4,30,,14,8,12,23,21,16,9,14,17,42,34,33,32,6.142857142857143,7,4.333333333333333,,,0
11/4/2014,11/4/2014,1,stress,76,female,19,65,56,3,2,2,1,3,1,1,3,1,3,3,2,1,1,3,3,1,1,3,3,4,3,3,3,3,1,1,3,1,3,3,2,2,2,4,2,1,1,3,3,8,5,7,7,8,6,9,2,88,6,73,,,,,,,,,,,,,,,,,,,,,,,,,,,,,,,,,,,,,,,,,,,,,,,,,,,,,,,,,,,,,,,,,,,,,,,,,,,,,,41,48,,,,,,,,,,,,,,7.142857142857143,7.666666666666667,6,4,,0
11/4/2014,11/4/2014,1,control,77,male,21,77,,2,1,3,1,1,1,1,2,1,2,2,1,1,1,2,1,1,1,2,1,,,,,,,,,,,,,,,,,,,,,9,9,3,4,9,2,8,,,,,4,4,4,4,4,4,4,4,5,4,4,4,3,4,3,5,4,3,4,4,3,4,4,3,3,5,4,4,2,3,2,2,5,3,4,4,4,3,4,4,3,4,5,3,4,2,4,3,4,3,3,2,5,4,3,2,3,4,3,3,3,3,4,4,3,4,4,3,4,4,3,3,3,4,4,4,4,28,,13,8,12,21,19,14,10,12,20,42,36,37,33,6.285714285714286,7,5,,,0
11/4/2014,11/4/2014,1,stress,78,male,23,85,91,2,2,2,2,2,2,2,2,1,2,2,1,1,2,2,2,1,1,2,2,2,2,1,1,2,1,1,2,1,2,2,1,1,1,2,2,1,1,2,2,9,2,9,9,7,2,9,2,0,91,50,,,,,,,,,,,,,,,,,,,,,,,,,,,,,,,,,,,,,,,,,,,,,,,,,,,,,,,,,,,,,,,,,,,,,,,,,,,,,,35,30,,,,,,,,,,,,,,6.714285714285714,8.333333333333334,4.333333333333333,3,,0
11/5/2014,11/5/2014,1,stress,81,female,17,27,11,2,3,3,3,3,3,3,4,1,3,3,2,2,2,3,4,2,1,4,4,4,3,2,3,4,2,3,4,1,4,3,3,3,2,4,4,2,1,4,4,7,8,9,6,9,5,3,2,100,0,46,,,,,,,,,,,,,,,,,,,,,,,,,,,,,,,,,,,,,,,,,,,,,,,,,,,,,,,,,,,,,,,,,,,,,,,,,,,,,,55,60,,,,,,,,,,,,,,6.714285714285714,8.333333333333334,6.333333333333333,2,,0
11/5/2014,11/5/2014,1,control,79,female,18,47,,3,2,2,2,3,2,3,3,1,3,3,1,1,1,3,3,2,1,3,3,,,,,,,,,,,,,,,,,,,,,7,9,6,7,8,4,4,,,,,4,2,3,2,4,3,3,2,3,2,3,4,4,3,2,3,4,3,4,2,4,2,4,2,4,3,4,2,4,4,3,4,4,4,3,3,2,2,3,4,2,4,2,4,3,2,3,2,2,4,5,4,3,2,1,2,2,3,2,2,2,1,2,2,3,2,3,1,1,1,1,1,1,2,3,2,2,45,,9,13,6,14,12,4,4,7,15,25,36,32,32,6.428571428571429,7,6.666666666666667,,,0
11/5/2014,11/5/2014,1,stress,80,female,19,47,56,3,2,2,2,3,1,1,3,1,3,3,2,2,1,3,2,2,1,3,3,2,2,2,2,2,1,1,2,1,2,2,1,1,1,2,3,2,1,2,2,7,5,4,7,6,2,7,2,45,46,59,,,,,,,,,,,,,,,,,,,,,,,,,,,,,,,,,,,,,,,,,,,,,,,,,,,,,,,,,,,,,,,,,,,,,,,,,,,,,,43,34,,,,,,,,,,,,,,5.428571428571429,5.666666666666667,4.666666666666667,4,,0
11/5/2014,11/5/2014,1,control,82,female,19,49,,2,2,2,2,3,1,1,4,1,3,4,2,2,1,4,3,2,1,3,3,,,,,,,,,,,,,,,,,,,,,8,8,7,7,8,4,8,,,,,4,2,2,4,4,4,3,4,3,4,4,4,3,3,3,4,3,3,3,4,3,4,4,3,3,2,2,4,2,2,2,3,4,4,4,3,3,3,4,4,2,3,3,4,4,3,4,4,2,3,3,2,5,5,4,4,2,3,2,3,3,3,4,1,4,4,4,3,2,4,2,2,2,2,3,3,3,46,,13,8,14,20,17,11,6,9,16,34,33,31,33,7.142857142857143,7.666666666666667,6.333333333333333,,,0
11/5/2014,11/5/2014,1,stress,84,female,19,21,48,4,3,3,2,3,3,3,3,2,4,3,3,3,2,3,3,2,2,3,3,2,1,2,1,3,2,1,3,1,2,3,2,2,1,3,3,1,1,2,2,5,9,4,5,7,3,4,2,67,67,70,,,,,,,,,,,,,,,,,,,,,,,,,,,,,,,,,,,,,,,,,,,,,,,,,,,,,,,,,,,,,,,,,,,,,,,,,,,,,,57,38,,,,,,,,,,,,,,5.285714285714286,5.333333333333333,5.666666666666667,3,,0
11/5/2014,11/5/2014,1,control,85,male,18,54,,2,2,2,4,3,4,2,2,2,3,2,4,4,2,2,2,2,2,4,3,,,,,,,,,,,,,,,,,,,,,9,8,9,5,9,2,7,,,,,5,5,4,4,2,5,4,4,4,5,2,4,5,4,4,5,3,5,4,5,,5,4,4,3,5,2,5,3,4,4,5,5,4,5,5,3,4,4,4,3,5,5,4,4,4,4,2,3,4,5,2,4,4,1,1,2,4,3,4,5,2,4,3,4,4,5,5,4,3,4,2,1,2,4,4,4,53,,13,11,9,21,20,16,5,12,20,47,40,40,,7,9,5,,,0
11/5/2014,11/5/2014,1,stress,86,female,23,81,62,1,2,2,2,3,1,2,2,1,2,2,2,2,1,2,2,2,2,2,2,3,3,2,2,2,2,2,3,1,3,2,1,1,1,2,3,2,2,2,3,8,8,7,9,9,7,8,2,55,53,59,,,,,,,,,,,,,,,,,,,,,,,,,,,,,,,,,,,,,,,,,,,,,,,,,,,,,,,,,,,,,,,,,,,,,,,,,,,,,,37,42,,,,,,,,,,,,,,8,8,8,4,did not expect to actually give a presentation,0
11/5/2014,11/5/2014,1,control,83,male,22,50,,3,2,3,3,3,2,1,3,1,3,3,2,2,1,4,3,2,2,3,4,,,,,,,,,,,,,,,,,,,,,9,3,9,5,9,2,5,,,,,2,5,3,3,3,4,4,3,4,4,3,4,4,3,3,4,5,4,4,2,5,2,,3,3,4,3,5,5,3,1,5,3,4,4,4,3,4,4,4,4,4,3,4,3,3,4,4,4,2,4,3,6,5,4,1,4,5,4,3,2,4,3,4,4,3,4,3,4,3,2,3,1,3,4,4,4,50,,15,9,15,23,18,12,7,12,16,33,,33,39,6,9,3.3333333333333335,,,0
11/5/2014,11/5/2014,1,control,89,female,18,45,,3,3,3,3,3,2,3,3,2,3,3,1,2,1,2,2,2,2,3,2,,,,,,,,,,,,,,,,,,,,,6,8,3,9,9,5,6,,,,,5,5,1,3,4,4,3,3,5,5,3,4,3,3,3,3,,2,4,4,3,2,4,2,4,4,2,3,2,4,4,4,4,3,4,4,1,4,4,4,2,5,4,1,5,4,4,4,4,6,2,2,3,3,1,4,4,4,4,4,4,4,4,4,4,4,4,4,2,4,4,4,4,4,4,4,4,48,,16,10,7,28,20,14,12,12,18,34,,34,28,6.571428571428571,6,7.333333333333333,,,0
11/5/2014,11/5/2014,1,stress,88,female,18,77,83,2,3,2,4,2,3,4,4,2,2,3,1,2,1,3,3,3,3,3,3,3,3,2,1,2,3,2,1,3,2,3,3,3,2,3,2,2,3,2,2,9,9,9,9,9,1,9,2,5,76,79,,,,,,,,,,,,,,,,,,,,,,,,,,,,,,,,,,,,,,,,,,,,,,,,,,,,,,,,,,,,,,,,,,,,,,,,,,,,,,53,47,,,,,,,,,,,,,,7.857142857142857,9,6.333333333333333,4,did not expect to actually give a presentation,0
11/5/2014,11/5/2014,1,control,87,female,19,79,,3,1,2,2,2,1,1,2,1,2,2,2,1,1,3,2,2,1,3,2,,,,,,,,,,,,,,,,,,,,,9,6,7,6,8,3,4,,,,,2,3,3,4,4,4,4,4,3,4,4,3,4,3,5,3,4,3,5,3,4,3,3,2,4,4,4,5,1,2,3,4,4,4,2,4,2,4,3,4,3,4,3,4,2,3,4,2,3,2,3,2,4,4,4,2,2,2,2,3,2,2,3,3,4,4,4,3,2,2,2,3,2,4,4,4,4,36,,12,7,12,15,18,9,9,12,16,32,27,40,39,6.142857142857143,8,5,,,0
11/5/2014,11/5/2014,1,stress,92,female,20,75,82,2,2,2,1,2,1,4,3,2,2,2,1,1,4,3,3,3,3,3,3,2,2,2,1,2,1,4,3,1,3,2,1,1,4,3,3,3,3,3,2,1,9,7,6,8,5,5,2,18,86,49,,,,,,,,,,,,,,,,,,,,,,,,,,,,,,,,,,,,,,,,,,,,,,,,,,,,,,,,,,,,,,,,,,,,,,,,,,,,,,47,46,,,,,,,,,,,,,,5.857142857142857,5.333333333333333,6.666666666666667,5,"prepared the presentation, but also thought it might be a joke",0
11/5/2014,11/5/2014,1,stress,95,female,22,39,56,4,3,3,3,3,3,3,3,3,3,3,3,3,3,3,3,3,3,3,3,3,3,3,2,3,3,3,3,2,2,2,2,2,2,3,2,2,2,2,2,9,8,7,8,8,3,7,2,79,40,68,,,,,,,,,,,,,,,,,,,,,,,,,,,,,,,,,,,,,,,,,,,,,,,,,,,,,,,,,,,,,,,,,,,,,,,,,,,,,,61,48,,,,,,,,,,,,,,7.142857142857143,8,6.333333333333333,4,,0
11/5/2014,11/5/2014,1,control,90,female,22,81,,2,2,2,1,2,2,2,2,2,2,2,2,2,1,2,2,2,2,2,2,,,,,,,,,,,,,,,,,,,,,9,9,7,9,9,3,9,,,,,5,5,4,5,5,5,3,2,4,4,3,4,4,2,4,4,4,4,5,4,3,4,3,2,3,4,2,3,4,3,2,4,3,4,4,4,4,3,4,3,3,4,3,4,4,4,4,3,4,5,3,3,2,5,4,4,4,3,2,3,2,4,4,4,4,4,4,3,4,3,3,4,4,3,4,4,4,38,,15,11,11,22,20,13,11,12,24,38,38,29,35,7.857142857142857,8.333333333333334,7,,,0
11/5/2014,11/5/2014,1,stress,93,female,24,47,100,3,3,2,2,3,2,1,3,2,3,2,2,2,3,2,3,1,2,3,3,2,2,3,1,2,1,1,1,1,2,2,1,1,1,2,2,1,1,2,2,2,9,4,9,9,2,3,2,3,100,100,,,,,,,,,,,,,,,,,,,,,,,,,,,,,,,,,,,,,,,,,,,,,,,,,,,,,,,,,,,,,,,,,,,,,,,,,,,,,,47,31,,,,,,,,,,,,,,5.428571428571429,5,6.666666666666667,5,,0
11/5/2014,11/5/2014,1,control,91,female,18,62,,3,3,2,1,3,1,1,3,1,3,3,2,2,1,3,2,3,2,3,3,,,,,,,,,,,,,,,,,,,,,4,6,3,7,3,1,6,,,,,4,3,3,4,4,5,3,3,4,4,4,4,3,4,3,5,4,4,4,4,4,3,5,3,4,4,3,4,2,3,4,4,3,4,4,3,2,3,3,2,3,4,3,2,4,1,4,1,4,4,5,4,2,2,0,3,1,2,2,1,1,2,4,3,4,4,4,2,4,4,3,3,1,2,3,4,4,45,,10,13,4,12,19,13,6,11,18,37,37,33,34,4.285714285714286,3.3333333333333335,4.666666666666667,,,0
11/5/2014,11/5/2014,1,control,94,male,18,66,,2,2,2,2,3,1,2,3,1,2,2,2,2,1,2,3,2,1,3,2,,,,,,,,,,,,,,,,,,,,,9,7,5,3,8,2,8,,,,,2,4,2,5,2,4,2,2,2,3,4,2,3,2,2,4,5,2,2,3,2,4,3,1,2,4,1,4,4,2,2,2,2,4,3,4,2,4,4,3,2,2,3,2,2,4,4,5,1,4,3,2,5,4,4,4,2,4,2,4,2,4,3,4,5,3,5,1,2,3,3,4,1,4,4,4,4,40,,14,9,13,22,20,9,9,12,15,30,29,24,27,6,7.333333333333333,4,,,0
11/5/2014,11/5/2014,1,stress,96,female,19,80,69,3,2,4,3,3,1,2,3,2,2,4,3,3,2,3,3,3,3,3,2,2,2,3,2,3,1,1,2,2,2,3,3,2,1,3,3,3,2,2,2,2,9,4,7,2,1,3,2,92,59,81,,,,,,,,,,,,,,,,,,,,,,,,,,,,,,,,,,,,,,,,,,,,,,,,,,,,,,,,,,,,,,,,,,,,,,,,,,,,,,54,44,,,,,,,,,,,,,,4,2.6666666666666665,5.666666666666667,3,,0
11/5/2014,11/5/2014,1,control,98,female,18,81,,1,2,1,1,2,1,1,2,1,2,2,1,1,1,2,2,1,1,2,2,,,,,,,,,,,,,,,,,,,,,8,9,6,7,6,3,4,,,,,4,4,4,4,4,2,4,3,3,4,4,2,4,3,4,3,4,4,4,2,4,3,4,3,4,4,4,4,4,4,4,4,5,3,4,4,2,4,4,4,2,4,3,3,2,4,4,4,4,5,4,3,5,5,1,4,4,4,1,3,3,4,4,4,4,4,4,4,4,3,3,2,3,4,4,4,4,29,,16,12,11,23,20,14,9,12,20,30,35,40,35,6.142857142857143,6.666666666666667,6.333333333333333,,,0
11/5/2014,11/5/2014,1,stress,97,female,18,43,74,4,2,2,2,3,1,2,2,2,3,3,3,3,1,3,2,2,1,2,3,2,2,1,2,2,1,1,2,1,2,2,1,1,1,3,2,2,1,2,2,7,9,8,7,3,5,4,2,47,67,68,,,,,,,,,,,,,,,,,,,,,,,,,,,,,,,,,,,,,,,,,,,,,,,,,,,,,,,,,,,,,,,,,,,,,,,,,,,,,,46,33,,,,,,,,,,,,,,6.142857142857143,6,7,4,,0
11/5/2014,11/5/2014,1,control,106,female,19,83,,2,2,1,1,1,1,1,2,1,2,2,1,1,1,1,1,1,1,2,2,,,,,,,,,,,,,,,,,,,,,9,5,7,3,9,2,2,,,,,3,4,1,1,5,4,5,4,4,4,5,4,4,4,4,3,4,4,4,3,4,4,5,4,4,5,4,4,1,4,4,4,4,4,4,2,4,4,4,2,2,4,4,2,3,4,4,4,4,2,1,2,5,2,4,4,4,4,3,1,4,2,5,5,4,4,4,2,4,4,4,2,4,4,2,2,2,27,,16,5,11,22,22,14,10,6,14,39,37,37,37,5.285714285714286,8.333333333333334,3.3333333333333335,,,0
11/5/2014,11/5/2014,1,stress,100,female,22,69,78,2,2,1,3,1,1,1,1,1,2,1,1,1,3,2,2,1,1,2,1,1,1,1,2,1,1,1,2,1,1,1,1,1,1,2,1,1,1,2,1,9,8,9,9,7,5,9,2,87,26,59,,,,,,,,,,,,,,,,,,,,,,,,,,,,,,,,,,,,,,,,,,,,,,,,,,,,,,,,,,,,,,,,,,,,,,,,,,,,,,30,24,,,,,,,,,,,,,,8,8.333333333333334,7.333333333333333,4,,0
11/5/2014,11/5/2014,1,stress,99,female,18,20,28,3,1,2,2,3,3,3,4,1,3,3,3,3,2,4,3,3,2,4,3,2,1,2,2,3,2,3,3,2,3,3,2,2,3,3,3,3,2,4,3,8,9,9,6,9,2,7,2,87,25,89,,,,,,,,,,,,,,,,,,,,,,,,,,,,,,,,,,,,,,,,,,,,,,,,,,,,,,,,,,,,,,,,,,,,,,,,,,,,,,55,51,,,,,,,,,,,,,,7.142857142857143,8.666666666666666,5.666666666666667,4,,0
11/5/2014,11/5/2014,1,stress,102,female,18,24,39,3,2,3,2,3,1,3,4,2,3,3,3,3,2,4,3,3,1,3,3,2,2,2,2,2,1,2,2,2,2,2,1,1,1,2,3,2,1,3,3,6,7,6,7,4,4,7,2,75,15,62,,,,,,,,,,,,,,,,,,,,,,,,,,,,,,,,,,,,,,,,,,,,,,,,,,,,,,,,,,,,,,,,,,,,,,,,,,,,,,54,38,,,,,,,,,,,,,,5.857142857142857,5.333333333333333,6,7,,0
11/5/2014,11/5/2014,1,control,105,female,21,93,,1,1,1,1,2,1,1,1,1,1,1,1,1,2,1,1,1,2,1,1,,,,,,,,,,,,,,,,,,,,,9,4,8,4,8,2,9,,,,,4,3,4,4,3,5,4,4,4,4,4,4,4,4,4,5,4,2,3,5,3,1,4,3,4,5,4,5,4,3,4,4,4,5,3,3,2,4,3,4,3,5,2,4,4,3,4,3,4,3,3,4,3,4,4,3,2,4,3,4,2,3,3,2,3,4,4,2,3,4,2,3,2,3,5,4,4,23,,14,10,11,21,16,11,8,13,18,37,37,40,36,6.285714285714286,8.333333333333334,3.3333333333333335,,,0
11/5/2014,11/5/2014,1,control,104,female,19,52,,1,2,2,1,2,1,1,3,1,3,2,1,1,2,2,2,1,2,3,2,,,,,,,,,,,,,,,,,,,,,6,8,9,8,8,3,7,,,,,3,4,3,4,3,4,3,4,4,4,3,4,4,4,3,4,4,3,4,4,3,3,4,3,3,4,2,4,3,3,3,4,3,4,4,3,3,3,4,3,3,4,3,3,4,1,4,2,3,2,2,2,3,3,2,2,2,2,2,2,1,2,3,2,3,3,2,2,1,1,1,1,1,1,3,2,2,35,,10,6,8,13,13,5,3,7,17,36,38,31,34,7,7.666666666666667,6.333333333333333,,,0
11/5/2014,11/5/2014,1,control,101,female,19,60,,2,1,1,1,1,1,2,4,1,2,2,1,1,1,1,1,1,1,2,2,,,,,,,,,,,,,,,,,,,,,9,5,6,7,7,4,5,,,,,4,4,4,3,2,5,4,4,3,4,4,2,4,4,3,5,4,4,2,3,4,4,3,4,3,4,3,4,5,1,3,4,4,4,2,4,4,3,2,4,3,3,4,4,4,5,4,4,3,1,2,3,4,2,5,4,4,4,4,4,3,4,4,4,4,4,4,1,4,3,4,4,2,4,3,4,4,29,,16,6,11,27,20,12,10,11,17,40,30,36,36,6.142857142857143,7.333333333333333,5.333333333333333,,,0
11/5/2014,11/5/2014,1,stress,103,female,20,46,58,2,2,2,2,2,1,1,2,1,2,3,1,1,2,4,2,2,2,3,2,3,2,2,2,3,1,1,2,1,3,2,2,2,1,4,2,2,2,3,2,9,7,8,7,8,2,8,2,65,29,57,,,,,,,,,,,,,,,,,,,,,,,,,,,,,,,,,,,,,,,,,,,,,,,,,,,,,,,,,,,,,,,,,,,,,,,,,,,,,,39,42,,,,,,,,,,,,,,7,8.333333333333334,5.333333333333333,4,,0
11/5/2014,11/5/2014,1,stress,107,male,31,67,99,3,2,2,2,3,2,3,4,2,3,3,2,2,2,3,3,2,2,2,2,2,2,2,1,2,1,2,4,1,3,2,1,1,1,2,2,2,1,3,3,9,9,9,6,9,5,9,1,24,83,100,,,,,,,,,,,,,,,,,,,,,,,,,,,,,,,,,,,,,,,,,,,,,,,,,,,,,,,,,,,,,,,,,,,,,,,,,,,,,,49,38,,,,,,,,,,,,,,8,9,6.666666666666667,2,,0
11/5/2014,11/5/2014,1,control,111,female,20,48,,2,2,1,3,2,1,1,2,1,2,2,2,2,1,2,2,1,1,2,2,,,,,,,,,,,,,,,,,,,,,9,9,8,6,9,8,3,,,,,2,4,3,4,4,2,2,3,2,4,4,2,3,4,4,4,1,2,3,3,4,3,2,4,3,3,3,3,4,3,3,2,3,4,4,3,2,3,2,2,,3,2,3,3,4,4,4,4,5,3,3,5,5,1,2,2,4,4,4,4,3,3,2,3,3,2,3,3,2,2,3,2,3,2,2,3,34,,16,11,11,23,13,10,8,7,17,30,25,30,,7.428571428571429,8.666666666666666,7.666666666666667,,,0
11/5/2014,11/5/2014,1,control,112,male,20,34,,3,3,3,4,3,2,1,3,1,3,3,2,1,3,4,4,3,3,4,3,,,,,,,,,,,,,,,,,,,,,1,9,1,1,9,1,7,,,,,5,4,2,4,5,5,4,4,5,5,4,5,1,3,2,5,3,1,5,5,4,5,2,5,5,5,4,5,1,3,2,5,4,3,4,5,5,4,4,4,1,1,5,3,5,4,2,2,4,2,2,1,6,6,4,5,5,5,5,5,5,4,4,4,4,4,4,5,3,5,5,3,3,2,0,1,1,56,,12,5,16,34,20,18,8,2,20,46,37,38,30,4.142857142857143,3.6666666666666665,3.6666666666666665,,,0
11/5/2014,11/5/2014,1,stress,109,female,18,22,69,4,3,4,4,3,3,2,3,2,4,4,4,4,3,4,3,3,3,4,3,2,2,1,1,2,1,1,3,1,2,2,1,1,1,1,2,1,1,2,2,8,9,9,7,9,4,7,2,88,12,78,,,,,,,,,,,,,,,,,,,,,,,,,,,,,,,,,,,,,,,,,,,,,,,,,,,,,,,,,,,,,,,,,,,,,,,,,,,,,,67,30,,,,,,,,,,,,,,7.571428571428571,8.666666666666666,6.666666666666667,2,,0
11/5/2014,11/5/2014,1,stress,110,male,19,44,72,3,3,3,3,4,2,2,4,2,3,3,2,2,1,3,3,2,2,2,4,2,2,2,2,2,1,1,2,1,2,2,2,1,1,4,2,1,3,4,2,9,7,5,6,8,4,2,2,76,76,91,,,,,,,,,,,,,,,,,,,,,,,,,,,,,,,,,,,,,,,,,,,,,,,,,,,,,,,,,,,,,,,,,,,,,,,,,,,,,,53,39,,,,,,,,,,,,,,5.857142857142857,7.333333333333333,5.666666666666667,4,,0
11/5/2014,11/5/2014,1,control,108,male,19,65,,1,2,1,1,3,1,2,3,1,2,2,1,1,2,3,3,2,1,3,3,,,,,,,,,,,,,,,,,,,,,6,8,3,7,8,1,7,,,,,2,4,3,5,4,5,3,2,4,4,3,4,3,4,3,5,1,3,4,5,3,3,3,3,2,5,1,4,4,4,3,5,2,4,4,2,4,4,4,3,2,3,4,3,4,1,3,1,4,4,1,3,6,5,4,5,4,4,4,4,4,4,3,1,3,3,4,4,2,4,2,2,1,1,3,3,3,38,,9,8,15,29,14,12,4,9,18,41,37,27,31,5.714285714285714,5.666666666666667,5.333333333333333,,,0
11/5/2014,11/5/2014,1,control,113,female,22,37,,2,2,1,3,3,1,1,4,1,3,2,1,1,1,2,3,1,1,3,2,,,,,,,,,,,,,,,,,,,,,6,1,5,6,6,4,7,,,,,4,1,2,5,4,3,5,4,4,4,5,3,4,4,4,4,3,5,5,3,4,4,5,4,5,3,3,5,4,3,4,3,3,4,3,4,4,2,4,5,4,5,4,2,4,4,4,4,3,4,3,4,4,3,4,3,4,4,2,4,1,4,5,3,5,3,4,2,4,3,4,1,2,3,3,4,3,38,,15,11,11,22,20,13,6,10,16,38,36,42,39,5,5.666666666666667,3.6666666666666665,,,0
11/5/2014,11/5/2014,1,stress,115,male,24,78,79,2,2,2,1,2,1,1,3,1,2,2,2,2,1,3,2,1,1,3,3,2,2,2,1,3,1,1,3,1,3,3,2,1,1,3,2,1,1,3,3,1,6,5,8,5,3,7,2,18,76,75,,,,,,,,,,,,,,,,,,,,,,,,,,,,,,,,,,,,,,,,,,,,,,,,,,,,,,,,,,,,,,,,,,,,,,,,,,,,,,37,39,,,,,,,,,,,,,,5,3.6666666666666665,5.666666666666667,9,,0
11/5/2014,11/5/2014,1,control,116,male,18,53,,1,1,1,1,2,2,1,3,1,2,2,1,1,1,1,1,2,1,1,2,,,,,,,,,,,,,,,,,,,,,9,8,3,9,9,1,9,,,,,3,3,4,5,2,5,3,3,4,5,4,5,3,4,3,4,4,4,3,5,2,4,4,4,3,4,2,5,4,2,1,5,1,3,5,2,3,3,4,3,3,5,5,3,4,3,3,4,4,4,4,2,6,6,2,1,1,3,3,3,4,3,4,5,5,3,5,2,3,3,2,4,4,2,5,5,5,28,,14,10,14,18,22,10,10,15,17,44,41,27,31,6.857142857142857,7,6,,,0
11/5/2014,11/5/2014,1,control,117,male,22,61,,2,2,2,1,2,2,2,2,1,2,2,2,2,1,2,2,2,2,2,2,,,,,,,,,,,,,,,,,,,,,7,5,6,7,9,4,7,,,,,2,3,2,4,1,4,3,3,4,4,3,4,3,3,4,4,4,3,4,4,4,4,3,3,4,4,4,4,4,3,3,2,4,4,4,3,4,3,4,3,3,4,4,3,4,2,3,4,2,3,3,2,4,4,3,1,2,3,2,2,3,4,3,3,3,4,3,3,3,3,2,3,2,3,4,4,3,37,,11,8,11,17,16,11,8,11,12,39,36,35,33,6.428571428571429,7.333333333333333,5.333333333333333,,,0
11/5/2014,11/5/2014,1,stress,114,female,19,53,42,3,3,2,2,3,1,2,3,2,3,3,2,2,1,2,2,3,2,2,3,3,3,3,2,3,1,2,3,2,3,3,3,2,1,3,3,2,1,3,3,6,8,7,7,8,5,6,2,50,25,54,,,,,,,,,,,,,,,,,,,,,,,,,,,,,,,,,,,,,,,,,,,,,,,,,,,,,,,,,,,,,,,,,,,,,,,,,,,,,,46,49,,,,,,,,,,,,,,6.714285714285714,7,6.666666666666667,7,,0
11/5/2014,11/5/2014,1,stress,118,male,19,72,72,1,2,1,1,2,1,2,4,1,3,2,1,1,1,2,3,1,2,3,2,2,2,1,1,2,1,1,2,1,2,2,1,1,1,1,1,1,1,3,2,4,2,1,2,8,3,7,2,1,74,32,,,,,,,,,,,,,,,,,,,,,,,,,,,,,,,,,,,,,,,,,,,,,,,,,,,,,,,,,,,,,,,,,,,,,,,,,,,,,,36,29,,,,,,,,,,,,,,3.857142857142857,4.333333333333333,2.3333333333333335,4,said he wasn't nervous; a lot of experience with giving presentations,0
11/6/2014,11/6/2014,1,control,121,female,21,29,,3,3,3,2,3,2,2,4,1,4,4,1,1,2,3,4,2,1,4,4,,,,,,,,,,,,,,,,,,,,,9,8,9,8,9,4,7,,,,,5,5,5,5,5,5,3,3,4,3,4,4,3,4,3,4,4,4,4,2,4,2,5,1,3,4,3,4,5,4,2,4,3,2,4,2,3,4,4,3,3,3,3,2,3,5,5,4,5,5,5,4,4,4,3,4,4,4,4,3,1,3,5,5,4,4,2,2,2,2,1,4,3,4,1,1,4,53,,19,14,11,23,20,7,11,6,25,30,41,30,33,7.714285714285714,9,6.666666666666667,,,0
11/6/2014,11/6/2014,1,stress,123,female,19,77,85,3,2,2,2,3,1,1,2,1,3,2,2,2,1,3,2,1,2,3,2,1,1,1,1,2,1,1,2,1,2,2,1,1,1,2,1,1,1,2,1,9,6,9,8,9,4,7,2,19,49,67,,,,,,,,,,,,,,,,,,,,,,,,,,,,,,,,,,,,,,,,,,,,,,,,,,,,,,,,,,,,,,,,,,,,,,,,,,,,,,40,26,,,,,,,,,,,,,,7.428571428571429,9,6,4,,0
11/6/2014,11/6/2014,1,stress,120,male,18,47,63,3,2,3,3,3,1,1,3,1,3,3,2,3,1,3,2,1,2,2,2,2,2,2,2,2,1,1,3,1,2,2,1,1,1,2,2,1,2,2,2,8,6,9,7,8,3,9,2,54,43,63,,,,,,,,,,,,,,,,,,,,,,,,,,,,,,,,,,,,,,,,,,,,,,,,,,,,,,,,,,,,,,,,,,,,,,,,,,,,,,44,34,,,,,,,,,,,,,,7.142857142857143,8.333333333333334,5.333333333333333,3,,0
11/6/2014,11/6/2014,1,control,122,female,19,70,,2,2,2,1,2,1,1,2,1,2,2,1,1,1,2,2,2,1,3,2,,,,,,,,,,,,,,,,,,,,,7,9,9,9,9,2,9,,,,,4,3,3,4,3,5,4,4,4,4,4,4,4,4,4,5,4,4,5,4,4,4,4,3,4,4,4,5,3,4,4,4,4,4,4,3,3,2,4,4,3,5,4,4,4,4,4,4,4,4,2,2,4,4,3,4,3,4,4,4,3,3,4,4,4,5,4,3,4,4,3,4,4,3,5,5,4,33,,16,8,11,25,21,14,11,14,17,41,39,40,38,7.714285714285714,8.333333333333334,6.666666666666667,,,0
11/6/2014,11/6/2014,1,stress,125,female,22,57,58,3,2,2,2,3,3,1,4,1,2,2,3,3,1,4,3,2,2,4,3,3,2,2,2,2,2,1,2,1,3,3,2,1,1,3,3,1,2,4,2,9,7,7,5,9,4,2,2,55,55,74,,,,,,,,,,,,,,,,,,,,,,,,,,,,,,,,,,,,,,,,,,,,,,,,,,,,,,,,,,,,,,,,,,,,,,,,,,,,,,50,42,,,,,,,,,,,,,,6.142857142857143,8.333333333333334,5.333333333333333,4,,0
11/6/2014,11/6/2014,1,stress,124,female,22,64,59,2,2,2,1,3,1,1,3,1,2,3,2,1,1,3,2,1,1,2,2,2,2,2,1,2,1,1,2,1,3,3,1,1,1,2,2,1,1,2,2,7,8,9,8,7,4,7,2,56,65,66,,,,,,,,,,,,,,,,,,,,,,,,,,,,,,,,,,,,,,,,,,,,,,,,,,,,,,,,,,,,,,,,,,,,,,,,,,,,,,36,33,,,,,,,,,,,,,,7.142857142857143,7.666666666666667,6.666666666666667,4,,0
11/6/2014,11/6/2014,1,stress,127,female,18,15,20,4,2,4,4,4,3,2,3,2,4,4,4,4,1,4,4,3,3,4,4,3,2,1,1,2,1,1,3,1,2,3,1,1,1,2,3,1,1,3,2,9,6,9,7,9,4,6,2,100,0,76,,,,,,,,,,,,,,,,,,,,,,,,,,,,,,,,,,,,,,,,,,,,,,,,,,,,,,,,,,,,,,,,,,,,,,,,,,,,,,67,35,,,,,,,,,,,,,,7.142857142857143,9,5.666666666666667,2,,0
11/6/2014,11/6/2014,1,control,128,female,19,67,,2,2,1,1,2,1,2,2,1,2,2,1,2,2,2,2,2,1,2,2,,,,,,,,,,,,,,,,,,,,,9,6,9,8,9,6,9,,,,,3,3,3,4,2,2,3,4,1,3,4,2,4,3,4,2,3,5,3,2,4,5,2,2,3,2,3,4,1,4,4,3,4,4,4,4,3,4,4,4,4,4,3,3,2,4,4,2,3,5,5,3,3,3,2,1,1,0,1,2,1,2,1,2,3,3,3,2,2,2,3,3,1,1,4,4,4,34,,13,13,8,8,12,9,5,12,15,28,26,36,39,8,9,6.666666666666667,,,0
11/6/2014,11/6/2014,1,stress,133,female,20,81,69,2,2,2,2,2,1,2,2,1,2,3,2,1,1,2,2,1,1,3,2,3,2,2,2,2,1,1,2,1,2,2,1,1,1,2,2,1,1,3,2,9,9,9,7,9,7,4,2,85,7,71,,,,,,,,,,,,,,,,,,,,,,,,,,,,,,,,,,,,,,,,,,,,,,,,,,,,,,,,,,,,,,,,,,,,,,,,,,,,,,36,34,,,,,,,,,,,,,,7.714285714285714,9,7.666666666666667,3,,0
11/6/2014,11/6/2014,1,stress,130,female,20,37,83,2,1,2,1,2,2,1,3,1,3,1,1,1,1,2,2,1,1,3,2,2,2,1,1,3,1,1,2,1,2,2,1,1,1,2,2,1,2,2,2,9,6,9,5,9,1,9,2,18,74,11,,,,,,,,,,,,,,,,,,,,,,,,,,,,,,,,,,,,,,,,,,,,,,,,,,,,,,,,,,,,,,,,,,,,,,,,,,,,,,33,32,,,,,,,,,,,,,,6.857142857142857,9,4,4,,0
11/6/2014,11/6/2014,1,control,129,female,18,82,,2,1,1,1,3,1,1,2,1,2,3,2,2,2,2,2,2,1,2,2,,,,,,,,,,,,,,,,,,,,,6,9,4,8,5,1,6,,,,,4,3,2,4,3,2,2,4,3,3,3,3,2,3,4,3,2,4,2,2,2,2,2,2,2,4,3,4,2,2,4,3,4,4,,5,2,3,4,4,2,2,3,3,2,1,5,5,4,3,5,4,5,4,3,3,3,3,4,3,3,3,4,4,4,3,4,2,2,3,1,1,0,3,3,3,3,35,,15,12,12,22,19,8,4,9,16,25,,35,29,5.571428571428571,5,6,,,0
11/6/2014,11/6/2014,1,control,132,female,18,44,,1,1,1,1,2,1,1,2,1,2,2,1,1,1,3,2,2,1,3,3,,,,,,,,,,,,,,,,,,,,,9,9,9,9,9,5,8,,,,,4,5,4,4,5,3,4,4,3,4,4,4,4,4,4,4,4,5,4,3,4,4,5,1,4,5,5,4,4,1,1,4,5,5,4,5,4,3,3,5,2,5,3,5,5,4,4,4,5,4,4,4,3,3,3,1,1,4,3,3,3,3,4,4,2,4,4,1,2,3,2,3,1,1,1,2,2,32,,17,12,9,18,18,8,5,5,22,36,37,41,40,8.285714285714286,9,7.666666666666667,,,0
11/6/2014,11/6/2014,1,stress,126,female,20,59,76,1,1,1,1,1,1,1,2,1,1,1,1,2,1,3,3,1,1,2,3,1,1,1,1,1,1,1,1,1,1,1,1,1,1,2,3,1,1,3,3,9,9,8,9,9,3,8,2,21,78,49,,,,,,,,,,,,,,,,,,,,,,,,,,,,,,,,,,,,,,,,,,,,,,,,,,,,,,,,,,,,,,,,,,,,,,,,,,,,,,29,27,,,,,,,,,,,,,,7.857142857142857,8.666666666666666,7,4,,0
11/6/2014,11/6/2014,1,control,134,female,18,64,,1,1,1,1,2,1,2,2,1,2,2,1,1,1,1,2,1,1,2,2,,,,,,,,,,,,,,,,,,,,,1,9,1,8,8,2,6,,,,,1,3,1,4,4,4,4,4,4,4,5,4,4,4,4,5,5,4,5,5,4,4,5,3,4,5,4,5,5,4,4,4,4,4,4,4,3,3,4,4,3,4,4,4,4,3,5,5,4,3,3,2,4,5,4,4,3,3,3,4,3,4,3,3,4,4,5,4,3,2,3,3,3,4,4,5,4,28,,17,8,13,24,19,12,10,13,13,41,43,41,40,5,3.3333333333333335,6.333333333333333,,,0
11/6/2014,11/6/2014,1,stress,131,female,20,35,60,3,4,3,3,3,2,3,3,2,3,3,3,2,1,4,2,1,2,3,4,2,2,2,3,3,2,1,2,1,2,2,1,2,1,3,2,1,1,3,3,8,9,9,3,9,5,4,2,85,14,36,,,,,,,,,,,,,,,,,,,,,,,,,,,,,,,,,,,,,,,,,,,,,,,,,,,,,,,,,,,,,,,,,,,,,,,,,,,,,,54,39,,,,,,,,,,,,,,6.714285714285714,8.666666666666666,5.666666666666667,3,,0
11/6/2014,11/6/2014,1,stress,136,female,20,64,80,2,1,2,2,3,1,2,2,2,2,2,2,1,1,2,2,1,1,3,2,2,2,1,1,3,1,2,2,1,2,2,1,1,1,2,2,1,1,4,2,9,5,9,5,9,4,8,2,8,89,1,,,,,,,,,,,,,,,,,,,,,,,,,,,,,,,,,,,,,,,,,,,,,,,,,,,,,,,,,,,,,,,,,,,,,,,,,,,,,,36,34,,,,,,,,,,,,,,7,9,4.666666666666667,5,,0
11/6/2014,11/6/2014,1,control,135,female,18,82,,1,1,1,2,3,1,1,4,1,2,2,1,1,1,2,2,1,1,3,3,,,,,,,,,,,,,,,,,,,,,9,4,9,8,9,2,7,,,,,2,4,2,5,2,5,4,4,2,4,2,2,3,3,4,5,5,4,4,5,5,3,5,1,4,4,4,4,2,1,4,4,5,5,2,4,2,5,4,5,2,4,3,4,3,0,4,3,1,3,4,2,3,5,4,0,0,4,2,2,1,3,1,2,2,3,2,1,0,2,0,3,0,3,4,4,4,34,,8,9,12,12,10,3,6,12,15,36,30,41,38,6.857142857142857,9,4.666666666666667,,,0
11/6/2014,11/6/2014,1,stress,138,male,21,18,44,4,2,4,3,3,2,2,2,2,2,2,4,4,1,4,2,2,2,3,3,2,2,2,3,2,1,2,2,1,2,1,2,2,1,2,1,1,2,2,2,8,3,2,9,9,1,9,1,36,79,79,,,,,,,,,,,,,,,,,,,,,,,,,,,,,,,,,,,,,,,,,,,,,,,,,,,,,,,,,,,,,,,,,,,,,,,,,,,,,,53,35,,,,,,,,,,,,,,5.857142857142857,6.333333333333333,4.333333333333333,3,,0
11/6/2014,11/6/2014,1,control,137,female,24,61,,2,1,2,1,2,1,2,2,1,2,2,1,2,2,2,3,2,3,3,3,,,,,,,,,,,,,,,,,,,,,7,6,5,6,9,6,3,,,,,4,3,4,3,4,3,2,2,3,4,,,,,,,,,,,3,4,3,3,3,4,3,4,3,3,2,4,3,3,4,3,2,4,3,3,3,3,3,4,2,4,4,4,3,4,3,2,3,3,2,3,2,4,4,4,4,4,4,3,4,4,3,3,3,2,3,4,3,4,4,4,4,39,,15,9,8,25,18,11,11,12,18,,,,,6,7,6,,,0
11/6/2014,11/6/2014,1,control,139,female,18,40,,2,2,1,1,2,1,1,3,1,2,3,1,1,1,2,2,1,1,3,3,,,,,,,,,,,,,,,,,,,,,9,7,3,9,3,1,7,,,,,3,2,1,5,2,5,3,3,5,4,4,4,3,3,4,5,5,4,3,4,4,4,5,3,3,4,3,3,2,3,3,5,4,2,4,3,3,4,4,2,3,3,3,3,3,5,5,5,5,5,3,3,3,3,2,3,2,3,2,2,2,3,3,4,4,4,4,4,2,4,1,3,1,1,4,4,4,34,,20,11,8,17,19,11,5,12,13,38,40,31,33,5.571428571428571,5,5.666666666666667,,,0
11/6/2014,11/6/2014,1,stress,142,female,22,96,98,1,1,1,1,1,1,1,1,1,1,1,1,1,1,1,1,1,1,1,1,1,1,1,1,1,1,1,1,1,1,1,1,1,1,1,1,1,1,1,1,9,9,9,9,9,5,3,2,0,100,6,,,,,,,,,,,,,,,,,,,,,,,,,,,,,,,,,,,,,,,,,,,,,,,,,,,,,,,,,,,,,,,,,,,,,,,,,,,,,,20,20,,,,,,,,,,,,,,7.571428571428571,9,7.666666666666667,4,,0
11/6/2014,11/6/2014,1,control,143,female,17,82,,1,1,1,1,1,1,2,2,1,1,2,1,1,1,1,2,2,1,2,1,,,,,,,,,,,,,,,,,,,,,7,9,9,6,8,3,7,,,,,3,3,4,4,4,5,4,4,3,3,4,2,4,4,4,3,4,2,3,2,4,3,4,2,3,3,2,4,2,3,2,4,4,3,4,4,1,3,4,4,3,3,2,4,4,5,5,5,5,6,3,1,3,6,4,4,4,4,1,1,3,5,5,4,3,5,4,4,3,3,3,3,2,1,5,5,5,26,,20,10,13,22,21,13,6,15,18,27,34,35,34,7,8,6,,,0
11/6/2014,11/6/2014,1,stress,140,female,18,57,82,3,2,2,2,3,1,1,2,1,2,3,2,2,1,3,1,2,1,2,2,1,2,1,1,2,1,1,2,1,2,2,1,1,1,2,2,1,1,3,2,9,8,9,7,9,2,7,2,1,96,69,,,,,,,,,,,,,,,,,,,,,,,,,,,,,,,,,,,,,,,,,,,,,,,,,,,,,,,,,,,,,,,,,,,,,,,,,,,,,,38,30,,,,,,,,,,,,,,7.285714285714286,9,5.666666666666667,3,,0
11/6/2014,11/6/2014,1,stress,144,female,18,50,61,2,2,1,1,2,1,1,3,1,2,2,2,2,1,2,2,1,2,4,2,3,2,1,1,2,1,1,2,1,2,2,1,1,1,2,2,1,1,2,2,8,6,5,6,5,2,7,1,22,41,63,,,,,,,,,,,,,,,,,,,,,,,,,,,,,,,,,,,,,,,,,,,,,,,,,,,,,,,,,,,,,,,,,,,,,,,,,,,,,,36,31,,,,,,,,,,,,,,5.571428571428571,6,4.666666666666667,4,,0
11/6/2014,11/6/2014,1,control,141,female,18,55,,3,1,2,1,2,1,2,3,1,2,3,2,2,1,3,2,2,1,3,2,,,,,,,,,,,,,,,,,,,,,5,7,8,6,8,3,7,,,,,4,5,3,4,3,4,4,2,4,4,3,4,5,3,4,4,2,4,4,4,4,4,4,2,4,4,3,4,2,2,4,4,3,4,4,4,2,3,3,4,4,2,3,3,4,3,4,3,4,4,3,3,4,4,2,5,3,3,3,3,3,3,4,3,3,4,3,2,2,3,3,1,0,2,3,3,4,39,,14,10,10,23,17,10,3,10,19,33,33,37,36,6.285714285714286,7,5.333333333333333,,,0
11/6/2014,11/6/2014,1,stress,146,male,18,50,62,3,2,2,3,3,1,2,4,1,3,3,2,2,1,3,2,2,1,2,3,3,2,2,2,2,1,2,3,1,2,2,2,1,1,3,2,2,1,2,3,4,3,8,7,9,2,6,2,58,32,79,,,,,,,,,,,,,,,,,,,,,,,,,,,,,,,,,,,,,,,,,,,,,,,,,,,,,,,,,,,,,,,,,,,,,,,,,,,,,,45,39,,,,,,,,,,,,,,5.571428571428571,7,4,4,,0
11/6/2014,11/6/2014,1,control,149,female,18,53,,2,2,2,2,2,2,2,2,2,2,2,2,2,2,2,2,2,2,2,2,,,,,,,,,,,,,,,,,,,,,3,8,9,7,2,2,9,,,,,2,2,2,4,3,5,4,4,5,5,1,4,4,4,3,5,5,1,2,5,2,2,4,4,2,5,5,5,2,4,1,4,1,3,4,2,5,1,5,1,1,5,5,2,5,1,4,2,3,3,1,2,4,4,4,4,4,4,4,4,4,4,4,3,2,3,4,2,3,3,3,3,3,3,5,3,3,40,,10,6,12,28,16,11,9,11,13,46,42,28,21,5.714285714285714,4.666666666666667,5.666666666666667,,,0
11/6/2014,11/6/2014,1,control,148,female,20,79,,3,1,2,2,2,1,3,2,2,2,2,1,2,2,2,2,3,1,2,2,,,,,,,,,,,,,,,,,,,,,5,8,4,7,7,3,4,,,,,3,2,2,4,2,4,4,3,2,3,4,4,4,4,4,2,2,4,4,2,4,4,3,2,4,4,2,4,2,2,3,2,2,3,2,4,2,3,,4,3,2,2,2,4,3,4,4,4,2,3,2,4,2,2,4,2,4,2,2,2,4,4,4,5,4,2,2,4,3,4,4,4,4,4,4,4,39,,15,7,8,20,19,13,12,12,13,27,,35,34,5.428571428571429,5.333333333333333,6,,,0
11/6/2014,11/6/2014,1,stress,147,female,17,64,82,2,2,2,2,1,3,1,2,1,3,3,2,2,1,2,2,2,1,2,2,2,1,1,2,2,1,1,1,1,2,2,1,1,1,2,1,1,1,2,2,7,4,6,8,9,3,8,2,12,83,70,,,,,,,,,,,,,,,,,,,,,,,,,,,,,,,,,,,,,,,,,,,,,,,,,,,,,,,,,,,,,,,,,,,,,,,,,,,,,,38,28,,,,,,,,,,,,,,6.428571428571429,7.333333333333333,5,4,"did not believe presentation was real, expected relationship stress and q's",0
11/6/2014,11/6/2014,1,control,145,male,19,56,,1,1,2,1,3,1,1,3,1,2,3,1,1,2,2,2,1,1,1,2,,,,,,,,,,,,,,,,,,,,,8,9,8,7,6,1,3,,,,,1,5,2,2,2,4,4,4,2,4,5,2,4,4,2,4,1,2,4,4,4,4,4,2,4,4,4,5,5,3,2,4,4,4,3,3,1,2,3,2,2,3,3,2,3,2,4,4,2,4,2,2,5,3,4,1,1,2,4,3,3,2,0,0,3,1,1,2,2,4,2,2,1,3,4,4,4,32,,12,8,12,16,5,10,6,12,12,33,30,34,33,6,7.333333333333333,5.666666666666667,,,0
11/6/2014,11/6/2014,1,stress,150,female,20,20,62,4,3,3,3,4,2,2,3,2,4,4,3,3,2,4,4,2,2,4,4,3,3,1,2,4,2,1,3,1,4,4,2,2,1,4,3,1,2,3,3,9,7,8,9,9,6,8,2,71,29,58,,,,,,,,,,,,,,,,,,,,,,,,,,,,,,,,,,,,,,,,,,,,,,,,,,,,,,,,,,,,,,,,,,,,,,,,,,,,,,62,49,,,,,,,,,,,,,,8,8.666666666666666,7.333333333333333,5,,0
11/6/2014,11/6/2014,1,stress,152,female,19,57,72,2,2,1,1,2,2,1,3,1,3,3,2,2,1,2,3,2,2,2,2,2,2,1,2,2,2,1,2,1,2,2,1,1,2,2,2,1,2,3,2,9,9,8,6,9,1,7,2,4,85,93,,,,,,,,,,,,,,,,,,,,,,,,,,,,,,,,,,,,,,,,,,,,,,,,,,,,,,,,,,,,,,,,,,,,,,,,,,,,,,39,35,,,,,,,,,,,,,,7,8.666666666666666,5.333333333333333,4,"very short story, gives presentations a lot, so not difficult",0
11/6/2014,11/6/2014,1,control,155,female,19,57,,3,3,2,2,3,1,1,3,1,4,3,2,2,1,4,3,2,2,3,3,,,,,,,,,,,,,,,,,,,,,7,9,9,7,8,3,5,,,,,5,4,1,5,2,4,3,4,2,4,3,4,4,3,4,4,1,3,3,3,4,4,5,3,3,4,3,4,2,3,3,4,4,3,4,4,3,3,4,4,3,4,4,3,4,5,5,4,4,2,2,3,3,2,2,3,3,2,2,3,2,2,3,4,4,3,4,3,4,3,3,4,3,3,5,5,5,48,,18,7,7,17,18,13,10,15,17,37,33,35,33,6.857142857142857,8,6.333333333333333,,,0
11/6/2014,11/6/2014,1,control,156,female,18,76,,2,1,2,3,1,1,2,1,1,2,3,1,1,2,2,2,2,2,2,2,,,,,,,,,,,,,,,,,,,,,7,9,9,9,9,3,7,,,,,4,3,1,2,4,5,5,5,4,4,5,5,5,4,5,4,5,3,5,4,5,3,5,4,5,4,4,5,3,5,5,4,5,5,5,4,1,5,4,4,4,5,4,4,5,4,4,3,3,3,3,2,5,5,4,5,3,4,3,2,1,3,5,4,5,4,4,1,3,4,4,3,2,3,4,5,3,35,,14,8,14,21,22,12,8,12,14,38,45,46,46,7.571428571428571,8.333333333333334,7,,,0
11/6/2014,11/6/2014,1,stress,159,female,18,9,0,4,4,4,4,4,2,4,3,3,3,3,4,4,2,4,3,3,3,4,3,4,3,4,4,3,2,3,4,2,4,4,3,3,2,4,3,2,2,4,4,9,8,9,8,9,8,8,2,100,0,93,,,,,,,,,,,,,,,,,,,,,,,,,,,,,,,,,,,,,,,,,,,,,,,,,,,,,,,,,,,,,,,,,,,,,,,,,,,,,,68,64,,,,,,,,,,,,,,8.428571428571429,9,8,2,,0
11/6/2014,11/6/2014,1,stress,154,female,18,62,67,3,2,3,3,3,3,1,4,2,3,3,3,3,1,4,3,2,1,4,3,2,2,1,1,2,1,1,2,1,2,3,1,1,1,2,2,1,1,3,2,8,8,6,9,9,4,5,2,73,8,67,,,,,,,,,,,,,,,,,,,,,,,,,,,,,,,,,,,,,,,,,,,,,,,,,,,,,,,,,,,,,,,,,,,,,,,,,,,,,,54,32,,,,,,,,,,,,,,7,7.666666666666667,7,3,,0
11/6/2014,11/6/2014,1,control,151,male,23,76,,2,2,1,1,1,1,1,3,1,2,2,1,1,1,2,2,1,1,2,2,,,,,,,,,,,,,,,,,,,,,4,8,7,6,5,4,7,,,,,3,4,3,4,3,3,4,4,4,3,4,4,4,4,4,2,4,2,4,3,4,4,5,2,4,4,4,4,3,4,3,4,4,4,4,3,3,4,4,4,3,4,3,3,4,3,3,4,4,3,3,3,5,4,3,3,1,4,3,3,3,3,3,2,4,4,4,3,4,3,4,3,3,3,3,4,4,30,,14,9,12,20,17,14,9,11,17,31,40,38,36,5.857142857142857,5.333333333333333,6,,,0
11/6/2014,11/6/2014,1,control,157,female,19,42,,4,3,2,2,3,1,2,3,1,3,4,2,1,2,3,3,2,2,3,3,,,,,,,,,,,,,,,,,,,,,9,5,9,5,9,3,6,,,,,4,4,5,4,4,4,5,4,5,3,5,5,5,5,4,4,4,3,4,4,4,4,2,4,4,5,4,5,3,3,2,4,4,2,4,4,3,4,4,4,2,4,4,2,3,5,5,5,5,4,2,2,4,2,1,4,3,4,4,4,3,4,4,4,4,5,4,2,1,2,0,3,2,1,3,3,5,49,,20,8,7,26,21,5,6,11,21,39,37,41,35,6.571428571428571,9,4.333333333333333,,,0
11/6/2014,11/6/2014,1,stress,158,female,22,72,35,2,3,1,2,2,1,3,3,1,2,4,1,2,2,3,2,2,2,2,2,4,4,2,3,4,3,2,3,2,3,4,3,3,3,4,4,2,3,4,4,9,9,9,7,8,5,7,2,75,22,58,,,,,,,,,,,,,,,,,,,,,,,,,,,,,,,,,,,,,,,,,,,,,,,,,,,,,,,,,,,,,,,,,,,,,,,,,,,,,,42,64,,,,,,,,,,,,,,7.714285714285714,8.666666666666666,7,2,,0
11/6/2014,11/6/2014,1,control,160,male,18,47,,2,1,1,2,2,2,3,3,1,3,2,2,1,2,2,3,3,2,4,3,,,,,,,,,,,,,,,,,,,,,7,9,8,9,9,3,6,,,,,2,3,4,2,4,4,1,2,4,2,3,4,3,2,1,3,4,4,3,4,2,4,5,2,2,5,1,4,1,4,2,4,1,4,3,2,1,1,4,1,2,3,2,3,4,1,4,5,3,4,3,2,4,4,2,4,3,4,4,4,3,4,3,1,4,4,4,5,4,3,1,0,1,1,4,5,4,44,,13,9,10,26,16,13,2,13,15,30,37,17,27,7.285714285714286,8,7,,,0
11/7/2014,11/7/2014,1,stress,162,male,19,77,89,1,1,1,1,1,1,1,2,1,1,1,1,1,1,1,1,1,1,2,1,1,1,1,1,1,1,1,1,1,1,1,1,1,1,1,1,1,1,2,1,8,3,8,2,9,1,9,2,0,100,31,,,,,,,,,,,,,,,,,,,,,,,,,,,,,,,,,,,,,,,,,,,,,,,,,,,,,,,,,,,,,,,,,,,,,,,,,,,,,,22,21,,,,,,,,,,,,,,5.714285714285714,8.333333333333334,2,5,"finds it fun to give presentations; no stress whatsoever; does not prepare, thinks it is useless to prepare; thinks humor is important; did prepare for the current presentation",0
11/7/2014,11/7/2014,1,stress,161,female,19,11,31,4,3,3,2,4,2,3,3,3,3,4,2,3,1,4,3,3,2,3,4,3,3,3,3,4,1,2,3,2,4,4,3,3,1,3,3,3,2,3,4,7,8,6,4,8,6,7,2,87,15,72,,,,,,,,,,,,,,,,,,,,,,,,,,,,,,,,,,,,,,,,,,,,,,,,,,,,,,,,,,,,,,,,,,,,,,,,,,,,,,59,57,,,,,,,,,,,,,,6.571428571428571,7,6,2,,0
11/7/2014,11/7/2014,1,stress,164,female,22,60,62,2,3,2,2,3,2,2,3,2,3,3,2,2,2,3,3,2,2,3,3,2,2,3,2,2,1,1,3,1,2,2,2,1,1,2,2,1,1,2,2,9,7,7,8,8,7,8,2,58,40,62,,,,,,,,,,,,,,,,,,,,,,,,,,,,,,,,,,,,,,,,,,,,,,,,,,,,,,,,,,,,,,,,,,,,,,,,,,,,,,49,35,,,,,,,,,,,,,,7.714285714285714,8,7.333333333333333,3,,0
11/7/2014,11/7/2014,1,control,163,female,19,76,,2,2,2,2,2,2,1,2,1,2,2,3,3,1,3,2,1,1,2,2,,,,,,,,,,,,,,,,,,,,,8,8,8,9,9,6,8,,,,,4,5,4,4,3,4,5,5,4,5,3,3,5,5,4,4,5,3,3,4,4,5,1,3,5,4,4,5,3,2,4,3,5,3,4,5,3,3,3,4,3,4,4,4,3,4,4,4,4,2,2,1,5,5,2,3,2,3,2,4,3,2,4,4,4,4,4,3,3,3,4,3,3,3,4,4,4,38,,16,5,12,19,20,13,9,12,20,40,31,46,36,8,8.333333333333334,7.666666666666667,,,0
11/7/2014,11/7/2014,1,stress,165,female,18,71,65,3,2,3,3,3,2,2,3,2,3,3,3,3,3,3,3,3,3,3,3,3,2,2,2,2,2,2,2,1,3,3,1,1,2,2,2,2,2,2,2,7,6,7,6,5,5,7,2,80,19,36,,,,,,,,,,,,,,,,,,,,,,,,,,,,,,,,,,,,,,,,,,,,,,,,,,,,,,,,,,,,,,,,,,,,,,,,,,,,,,56,40,,,,,,,,,,,,,,6.142857142857143,6.333333333333333,5.666666666666667,3,,0
11/7/2014,11/7/2014,1,control,167,male,18,87,,1,1,1,1,2,1,2,2,2,2,2,1,1,2,1,2,1,1,2,2,,,,,,,,,,,,,,,,,,,,,9,8,3,6,9,3,3,,,,,2,5,1,4,4,2,4,4,3,4,3,2,3,4,4,2,3,3,4,3,4,5,4,2,4,4,2,4,4,3,3,4,4,3,3,4,,3,3,3,4,2,4,3,3,4,4,4,4,4,2,4,4,2,3,3,3,4,3,3,3,4,4,2,3,0,0,4,4,3,2,4,3,4,4,2,3,30,,16,10,9,23,9,13,11,9,16,,32,36,34,5.857142857142857,7,5.666666666666667,,,0
11/7/2014,11/7/2014,1,control,166,male,19,72,,3,1,3,2,2,3,2,2,1,2,2,2,2,2,2,2,1,1,3,2,,,,,,,,,,,,,,,,,,,,,9,7,8,5,8,5,4,,,,,3,5,4,5,4,4,5,4,3,4,3,3,4,5,,3,2,4,4,4,4,3,3,4,4,3,4,5,2,2,2,5,5,4,3,4,4,3,3,4,3,3,3,2,3,3,5,4,4,5,4,6,3,4,4,4,4,3,4,4,3,4,2,5,4,5,5,4,3,1,1,2,3,4,5,5,5,40,,16,15,11,26,21,9,9,15,21,35,29,,35,6.571428571428571,8.333333333333334,5.666666666666667,,,0
11/7/2014,11/7/2014,1,stress,171,female,18,76,75,2,1,1,1,2,1,1,2,1,2,2,1,1,1,2,2,1,1,2,2,2,1,2,2,2,1,1,2,1,2,2,1,1,1,2,2,1,1,2,2,9,9,9,8,9,5,7,2,14,66,70,,,,,,,,,,,,,,,,,,,,,,,,,,,,,,,,,,,,,,,,,,,,,,,,,,,,,,,,,,,,,,,,,,,,,,,,,,,,,,29,31,,,,,,,,,,,,,,8,9,7.333333333333333,3,,0
11/7/2014,11/7/2014,1,stress,173,female,21,66,74,2,2,2,2,2,2,2,2,2,2,2,2,2,2,3,2,2,1,2,2,2,2,2,2,2,1,2,3,1,2,3,2,2,2,3,2,2,1,3,3,9,6,9,8,9,4,7,2,10,38,79,,,,,,,,,,,,,,,,,,,,,,,,,,,,,,,,,,,,,,,,,,,,,,,,,,,,,,,,,,,,,,,,,,,,,,,,,,,,,,40,42,,,,,,,,,,,,,,7.428571428571429,9,6,4,,0
11/7/2014,11/7/2014,1,control,168,female,21,95,,3,2,1,1,3,1,2,4,1,3,4,1,1,1,3,3,3,1,3,3,,,,,,,,,,,,,,,,,,,,,9,2,8,3,9,3,9,,,,,5,5,5,5,2,5,4,4,3,2,4,3,4,4,4,5,5,4,5,5,5,5,5,1,5,5,5,4,3,2,5,5,5,5,4,3,1,2,4,5,4,4,3,4,2,4,4,0,2,5,5,1,5,2,1,4,3,1,4,4,3,1,5,5,4,1,1,0,0,0,0,0,0,0,1,1,1,44,,10,11,8,20,16,0,0,3,22,36,36,44,41,6.142857142857143,8.666666666666666,2.6666666666666665,,,0
11/7/2014,11/7/2014,1,control,176,female,21,75,,1,1,1,1,1,1,2,1,1,1,2,1,1,1,1,1,2,1,1,1,,,,,,,,,,,,,,,,,,,,,9,6,9,7,7,7,6,,,,,5,2,1,2,5,5,2,4,4,4,3,1,4,4,4,5,4,3,3,1,5,2,5,2,3,4,4,4,1,3,4,4,4,5,5,4,2,4,4,4,4,3,4,3,2,4,4,4,4,5,2,2,2,2,2,2,1,4,2,2,2,4,4,4,5,5,5,5,5,4,4,4,4,5,5,5,5,23,,16,9,6,17,23,18,13,15,15,32,33,37,38,7.285714285714286,8.333333333333334,6.666666666666667,,,0
11/7/2014,11/7/2014,1,stress,175,female,21,46,46,2,2,2,2,2,1,1,3,1,3,3,2,2,1,3,2,1,1,3,3,2,2,1,2,2,1,1,3,1,3,3,1,1,1,3,3,1,2,3,3,7,5,5,7,8,4,7,2,58,45,70,,,,,,,,,,,,,,,,,,,,,,,,,,,,,,,,,,,,,,,,,,,,,,,,,,,,,,,,,,,,,,,,,,,,,,,,,,,,,,40,39,,,,,,,,,,,,,,6.142857142857143,6.666666666666667,5.333333333333333,4,did not expect to actually give the presentation,0
11/7/2014,11/7/2014,1,stress,169,female,18,42,58,4,3,4,3,3,3,3,4,2,4,4,3,3,2,4,3,3,4,3,4,2,2,2,2,3,3,1,2,1,3,2,1,1,1,2,2,1,2,3,3,9,9,8,8,9,2,3,2,87,39,91,,,,,,,,,,,,,,,,,,,,,,,,,,,,,,,,,,,,,,,,,,,,,,,,,,,,,,,,,,,,,,,,,,,,,,,,,,,,,,66,39,,,,,,,,,,,,,,6.857142857142857,8.666666666666666,6.333333333333333,4,,0
11/7/2014,11/7/2014,1,control,170,female,21,65,,1,1,1,1,2,1,2,2,1,2,2,1,1,3,2,2,1,1,2,2,,,,,,,,,,,,,,,,,,,,,8,8,6,8,8,6,8,,,,,3,4,4,4,3,4,4,4,4,4,4,4,4,4,4,4,3,4,4,4,4,4,4,3,4,4,2,4,2,4,4,4,3,4,4,3,3,2,4,3,3,4,4,3,4,3,4,5,3,3,3,2,4,5,2,3,3,3,3,4,4,4,4,3,4,3,4,2,2,2,1,1,1,2,4,4,4,31,,15,8,11,24,18,7,4,12,18,38,37,35,36,7.428571428571429,7.333333333333333,7.333333333333333,,,0
11/7/2014,11/7/2014,1,stress,174,female,17,74,76,2,2,1,2,2,1,1,2,1,1,2,1,1,1,2,1,1,1,2,2,2,2,1,1,1,1,1,2,1,1,2,1,1,1,1,1,1,1,2,2,9,9,7,8,9,2,2,2,37,24,42,,,,,,,,,,,,,,,,,,,,,,,,,,,,,,,,,,,,,,,,,,,,,,,,,,,,,,,,,,,,,,,,,,,,,,,,,,,,,,29,26,,,,,,,,,,,,,,6.571428571428571,8.333333333333334,6.333333333333333,4,,0
11/7/2014,11/7/2014,1,control,172,male,20,68,,1,1,2,1,2,1,2,2,1,2,2,2,2,2,2,2,1,1,2,2,,,,,,,,,,,,,,,,,,,,,9,8,9,8,9,3,9,,,,,4,4,2,4,2,2,3,4,4,4,5,3,4,3,4,4,1,4,4,4,5,4,1,2,4,3,3,4,3,3,3,3,3,4,3,4,2,4,3,4,4,3,3,3,2,4,4,2,4,2,2,1,5,3,4,3,3,4,3,3,2,3,2,4,3,3,3,3,1,3,2,2,2,2,4,4,4,33,,14,5,12,21,15,9,6,12,16,31,26,35,41,7.857142857142857,9,6.333333333333333,,,0
11/7/2014,11/7/2014,1,stress,177,female,18,74,81,3,3,2,2,3,1,3,3,2,3,3,1,1,1,3,3,2,2,3,3,3,2,2,2,3,1,2,3,1,3,3,1,1,1,3,3,2,2,3,3,6,8,7,7,6,3,7,2,94,11,89,,,,,,,,,,,,,,,,,,,,,,,,,,,,,,,,,,,,,,,,,,,,,,,,,,,,,,,,,,,,,,,,,,,,,,,,,,,,,,47,44,,,,,,,,,,,,,,6.285714285714286,6.333333333333333,6,3,,0
11/7/2014,11/7/2014,1,control,178,female,18,84,,2,2,1,1,2,1,1,3,1,2,2,1,1,1,2,2,1,1,2,2,,,,,,,,,,,,,,,,,,,,,8,8,8,7,7,4,6,,,,,2,2,2,4,4,4,4,4,4,4,4,4,4,4,4,4,2,2,4,2,4,3,4,2,4,4,3,4,2,4,4,4,4,3,4,4,2,3,3,3,2,4,3,2,3,1,4,1,1,2,2,2,5,5,4,4,1,2,1,2,2,3,2,2,4,3,3,1,1,3,3,2,1,3,5,5,4,31,,7,6,14,15,14,8,6,14,14,32,34,38,32,6.857142857142857,7.666666666666667,6.333333333333333,,,0
11/7/2014,11/7/2014,1,control,179,male,23,66,,1,1,1,1,1,1,1,3,1,1,1,1,1,2,1,2,1,1,1,1,,,,,,,,,,,,,,,,,,,,,4,2,7,8,9,6,7,,,,,4,4,4,4,5,5,3,2,5,4,5,4,4,4,4,5,4,5,4,1,,5,5,4,4,4,3,5,3,4,4,5,4,4,5,2,3,4,5,4,4,5,4,3,4,4,4,4,3,4,4,3,4,5,4,4,3,4,4,3,3,4,3,4,4,4,4,3,3,3,2,3,3,3,4,4,4,24,,15,11,13,25,19,11,9,12,21,40,44,37,,6.142857142857143,6.666666666666667,5.333333333333333,,,0
11/7/2014,11/7/2014,1,stress,181,male,22,47,65,3,3,3,3,3,2,2,4,2,3,2,3,3,3,4,3,2,3,4,3,3,3,2,2,2,2,1,3,1,2,2,2,2,1,3,2,2,2,3,2,4,7,3,8,2,1,9,2,86,11,48,,,,,,,,,,,,,,,,,,,,,,,,,,,,,,,,,,,,,,,,,,,,,,,,,,,,,,,,,,,,,,,,,,,,,,,,,,,,,,58,42,,,,,,,,,,,,,,4.857142857142857,3,5.333333333333333,3,did not understand the instructions; did not prepare for the presentation,1
11/7/2014,11/7/2014,1,control,180,male,22,65,,2,2,1,1,2,1,1,3,1,3,2,2,2,1,3,3,2,3,3,3,,,,,,,,,,,,,,,,,,,,,9,7,9,6,9,1,9,,,,,4,2,1,5,4,3,4,4,4,4,4,3,4,4,3,3,4,3,4,3,3,2,4,2,3,4,3,4,3,3,2,4,3,4,4,3,2,3,4,4,3,3,2,2,3,4,4,4,4,4,2,2,3,2,3,4,4,4,4,4,4,4,4,4,5,4,4,4,3,4,4,4,4,4,5,5,5,41,,16,8,8,28,21,15,12,15,16,28,36,33,34,7.142857142857143,9,4.666666666666667,,,0
11/7/2014,11/7/2014,1,stress,188,female,20,63,64,2,2,1,1,3,1,2,2,1,3,3,2,3,1,3,3,2,1,2,3,3,3,3,3,3,1,1,3,1,3,3,1,1,1,2,2,1,2,2,2,9,9,9,8,9,5,1,2,100,0,0,,,,,,,,,,,,,,,,,,,,,,,,,,,,,,,,,,,,,,,,,,,,,,,,,,,,,,,,,,,,,,,,,,,,,,,,,,,,,,41,41,,,,,,,,,,,,,,7.142857142857143,9,7.333333333333333,3,,0
11/7/2014,11/7/2014,1,control,182,male,22,72,,1,1,2,2,2,1,1,2,1,3,2,1,1,1,4,1,2,2,2,2,,,,,,,,,,,,,,,,,,,,,7,8,5,7,9,5,8,,,,,3,3,4,4,4,3,4,4,4,3,4,4,4,4,3,2,4,3,4,4,4,2,4,2,4,4,4,2,4,4,2,4,2,3,5,3,2,3,4,3,2,4,2,4,4,3,4,4,4,5,5,2,5,5,3,3,3,3,4,4,4,4,2,3,3,4,3,3,3,4,4,4,3,4,5,4,4,34,,15,12,13,25,15,14,11,13,18,28,41,31,35,7,7,6.666666666666667,,,0
11/7/2014,11/7/2014,1,stress,183,female,25,63,94,3,3,1,1,3,1,1,2,1,2,2,2,1,1,2,2,1,1,2,2,1,2,1,1,2,1,1,2,1,1,2,1,1,1,1,2,1,1,2,1,4,8,5,4,8,4,8,2,94,0,70,,,,,,,,,,,,,,,,,,,,,,,,,,,,,,,,,,,,,,,,,,,,,,,,,,,,,,,,,,,,,,,,,,,,,,,,,,,,,,34,26,,,,,,,,,,,,,,5.857142857142857,5.666666666666667,5.333333333333333,3,,0
11/7/2014,11/7/2014,1,stress,185,female,18,35,53,3,2,3,3,3,1,2,3,2,3,3,3,3,2,3,3,2,2,3,3,2,2,2,3,2,2,1,2,1,3,2,2,2,1,3,2,1,2,3,2,7,6,4,4,9,5,6,2,57,47,55,,,,,,,,,,,,,,,,,,,,,,,,,,,,,,,,,,,,,,,,,,,,,,,,,,,,,,,,,,,,,,,,,,,,,,,,,,,,,,52,40,,,,,,,,,,,,,,5.857142857142857,6.666666666666667,5,4,,0
11/7/2014,11/7/2014,1,control,186,female,18,62,,1,2,1,1,2,2,2,3,1,2,3,1,1,2,3,2,2,1,3,2,,,,,,,,,,,,,,,,,,,,,7,7,6,7,9,3,9,,,,,5,4,1,5,4,4,3,4,4,5,4,5,3,4,3,5,4,3,3,3,3,5,4,3,2,4,2,4,1,3,2,5,3,3,5,4,3,1,4,3,2,4,5,2,4,1,5,4,1,5,4,2,2,1,1,2,2,4,3,3,3,3,1,1,1,3,1,1,3,3,3,1,1,2,4,4,4,37,,11,11,4,20,7,10,4,12,19,41,39,30,28,6.857142857142857,7.333333333333333,5.666666666666667,,,0
11/7/2014,11/7/2014,1,control,184,female,18,70,,2,1,1,1,1,1,1,3,1,3,2,1,1,1,2,2,1,2,2,2,,,,,,,,,,,,,,,,,,,,,7,6,7,6,4,1,7,,,,,5,3,3,4,3,4,4,4,4,4,3,4,4,3,4,4,4,3,4,4,4,1,5,4,4,4,4,5,4,3,4,4,4,4,4,4,1,4,3,4,2,4,4,4,4,4,5,3,3,4,4,2,4,5,3,4,4,4,4,3,2,3,3,4,4,4,4,2,3,4,4,3,2,4,3,3,3,31,,15,10,12,24,19,13,9,9,18,34,39,40,36,5.428571428571429,6,4.333333333333333,,,0
11/7/2014,11/7/2014,1,stress,190,female,18,59,62,3,3,2,1,3,1,1,3,1,2,3,1,1,1,3,2,1,1,3,3,2,3,2,1,2,2,1,3,1,2,2,1,1,1,3,3,1,1,3,3,6,9,7,7,8,3,7,2,80,24,61,,,,,,,,,,,,,,,,,,,,,,,,,,,,,,,,,,,,,,,,,,,,,,,,,,,,,,,,,,,,,,,,,,,,,,,,,,,,,,39,38,,,,,,,,,,,,,,6.714285714285714,7,6.333333333333333,3,,0
11/7/2014,11/7/2014,1,control,187,female,18,42,,3,3,2,1,3,1,1,3,1,4,3,1,1,2,3,3,1,1,4,3,,,,,,,,,,,,,,,,,,,,,9,5,9,7,9,6,5,,,,,4,4,3,5,3,4,4,3,4,3,3,3,3,3,4,4,2,4,3,4,3,3,3,2,3,3,4,4,4,2,3,3,4,4,3,3,3,2,4,3,1,3,3,2,3,5,5,3,5,5,4,5,2,3,1,4,4,3,4,3,1,2,5,4,4,4,4,3,2,3,3,3,2,1,4,4,3,44,,18,14,6,21,21,11,6,11,19,32,31,35,28,7.142857142857143,9,6,,,0
11/7/2014,11/7/2014,1,stress,189,female,18,61,75,3,2,2,2,3,1,1,3,1,3,2,1,1,1,3,2,1,1,3,3,3,2,1,2,3,1,1,3,1,2,3,1,1,1,3,2,1,1,3,3,8,7,8,4,8,4,3,2,9,43,40,,,,,,,,,,,,,,,,,,,,,,,,,,,,,,,,,,,,,,,,,,,,,,,,,,,,,,,,,,,,,,,,,,,,,,,,,,,,,,39,38,,,,,,,,,,,,,,6,8,5,4,,0
