V8,V9,V10,condition,ppnr,Q1.2,Q1.3,Q95,Q1.4_1,Q1.4_2,Q1.4_3,Q1.4_4,Q1.5,Q1.6_1,Q1.6_2,Q1.6_3,Q1.6_4,Q2.1,Q2.2,Q2.3,Q97,mood_1,stai1_1,stai1_2,stai1_3,stai1_4,stai1_5,stai1_6,stai1_7,stai2_1,stai2_2,stai2_3,stai2_4,stai2_5,stai2_6,stai2_7,stai3_1,stai3_2,stai3_3,stai3_4,stai3_5,stai3_6,gender,age,Q19.7,Q118,Q105,D1dog,D2wallet,D3plane,D4resume,D5kitten,D6trolley,D7control,Q120,Q113,Q19.11,Q98,Q101,Q114_1,Q114_2,Q114_3,Q114_4,presBefore,presEva_1,presEva_2,presEva_3,presEva_4,presEva_5,VervLeuk_1,VervLeuk_2,challenge_1,moodPost_1,stai1post_1,stai1post_2,stai1post_3,stai1post_4,stai1post_5,stai1post_6,stai1post_7,stai2post_1,stai2post_2,stai2post_3,stai2post_4,stai2post_5,stai2post_6,stai2post_7,stai3post_1,stai3post_2,stai3post_3,stai3post_4,stai3post_5,stai3post_6,Q117,pbc_1,pbc_2,pbc_3,pbc_4,pbc_5,Q117.0,rei1,rei2,rei3,rei4,rei5,rei6,rei7,rei8,rei9,rei10,rei11,rei12,rei13,rei14,rei15,rei16,rei17,rei18,rei19,rei20,rei21,rei22,rei23,rei24,rei25,rei26,rei27,rei28,rei29,rei30,rei31,rei32,rei33,rei34,rei35,rei36,rei37,rei38,rei39,rei40,Maia1_1,Maia1_2,Maia1_3,Maia1_4,Maia1_5,Maia1_6,Maia1_7,Maia1_8,Maia1_9,Maia1_10,Maia1_11,Maia1_12,Maia1_13,Maia1_14,Maia1_15,Maia1_16,Maia2_1,Maia2_2,Maia2_3,Maia2_4,Maia2_5,Maia2_6,Maia2_7,Maia2_8,Maia2_9,Maia2_10,Maia2_11,Maia2_12,Maia2_13,Maia2_14,Maia2_15,Maia2_16,Q19.12
11/3/2014,11/3/2014,1,2,2,1,NA,NA,NA,NA,NA,NA,1,5.728,160.29,181.004,7,NA,1,1,1,81,3,4,2,2,3,2,2,3,1,4,4,1,1,1,3,3,2,1,3,3,2,24,1,NA,1,9,9,8,7,9,5,9,1,NA,NA,NA,NA,NA,NA,NA,NA,NA,NA,NA,NA,NA,NA,NA,NA,NA,NA,NA,NA,NA,NA,NA,NA,NA,NA,NA,NA,NA,NA,NA,NA,NA,NA,NA,NA,NA,NA,NA,3,3,5,5,5,1,1,4,5,2,4,5,3,4,3,4,1,5,3,2,2,2,3,1,1,3,1,3,4,4,3,1,5,3,3,4,3,3,4,3,2,3,2,4,2,2,3,5,5,5,5,5,5,4,3,5,5,4,5,5,5,5,5,5,5,5,5,5,5,5,5,5,5,4,4,5,5,5,1
11/3/2014,11/3/2014,1,1,1,1,1,1,0,0,181.005,0,NA,NA,NA,NA,NA,1,NA,1,1,59,2,3,3,1,2,2,3,2,2,3,3,2,3,1,2,2,3,2,2,2,2,19,1,1,1,9,9,9,8,9,3,2,1,1,1,pres,1,0,0,168.851,0,2,NA,NA,1,NA,NA,63,58,58,42,2,2,3,3,3,2,3,3,2,2,2,3,3,1,3,3,3,2,2,2,1,NA,NA,NA,NA,NA,NA,NA,NA,NA,NA,NA,NA,NA,NA,NA,NA,NA,NA,NA,NA,NA,NA,NA,NA,NA,NA,NA,NA,NA,NA,NA,NA,NA,NA,NA,NA,NA,NA,NA,NA,NA,NA,NA,NA,NA,NA,NA,NA,NA,NA,NA,NA,NA,NA,NA,NA,NA,NA,NA,NA,NA,NA,NA,NA,NA,NA,NA,NA,NA,NA,NA,NA,NA,NA,NA,NA,NA,NA,NA
11/3/2014,11/3/2014,1,1,3,1,1,1,0,0,180.979,0,NA,NA,NA,NA,NA,1,NA,1,1,22,1,2,3,3,1,2,3,1,2,2,1,4,4,2,1,2,2,3,1,1,2,19,1,1,1,8,7,8,5,8,5,9,1,1,1,pres,1,0,0,136.044,0,1,NA,NA,1,NA,NA,68,26,65,60,2,2,2,2,3,1,1,2,1,2,2,1,1,1,2,2,1,1,2,2,1,NA,NA,NA,NA,NA,NA,NA,NA,NA,NA,NA,NA,NA,NA,NA,NA,NA,NA,NA,NA,NA,NA,NA,NA,NA,NA,NA,NA,NA,NA,NA,NA,NA,NA,NA,NA,NA,NA,NA,NA,NA,NA,NA,NA,NA,NA,NA,NA,NA,NA,NA,NA,NA,NA,NA,NA,NA,NA,NA,NA,NA,NA,NA,NA,NA,NA,NA,NA,NA,NA,NA,NA,NA,NA,NA,NA,NA,NA,NA
11/3/2014,11/3/2014,1,1,4,1,1,1,0,0,181.013,0,NA,NA,NA,NA,NA,1,NA,1,1,53,3,3,2,2,2,1,1,2,1,2,2,1,1,2,2,2,2,1,2,2,2,22,1,1,1,8,4,8,6,9,2,8,1,1,1,pres,1,0,0,125.334,0,2,NA,NA,NA,1,NA,32,59,80,68,3,3,1,1,3,1,1,3,1,3,3,1,1,2,3,3,1,1,2,3,1,NA,NA,NA,NA,NA,NA,NA,NA,NA,NA,NA,NA,NA,NA,NA,NA,NA,NA,NA,NA,NA,NA,NA,NA,NA,NA,NA,NA,NA,NA,NA,NA,NA,NA,NA,NA,NA,NA,NA,NA,NA,NA,NA,NA,NA,NA,NA,NA,NA,NA,NA,NA,NA,NA,NA,NA,NA,NA,NA,NA,NA,NA,NA,NA,NA,NA,NA,NA,NA,NA,NA,NA,NA,NA,NA,NA,NA,NA,NA
11/3/2014,11/3/2014,1,2,7,1,NA,NA,NA,NA,NA,NA,1,12.312,87.378,180.998,2,NA,1,1,1,48,4,4,1,1,3,1,1,2,1,2,2,1,1,1,4,3,2,1,2,2,2,22,1,NA,1,3,9,9,5,5,4,8,1,NA,NA,NA,NA,NA,NA,NA,NA,NA,NA,NA,NA,NA,NA,NA,NA,NA,NA,NA,NA,NA,NA,NA,NA,NA,NA,NA,NA,NA,NA,NA,NA,NA,NA,NA,NA,NA,NA,NA,3,3,3,3,2,1,3,3,3,3,4,3,3,3,3,3,3,NA,3,3,3,3,3,3,3,3,3,3,3,3,3,3,3,3,3,3,3,3,3,3,3,3,3,3,3,3,4,4,4,4,4,4,4,4,4,4,4,4,4,4,4,4,4,4,4,4,4,4,4,4,4,4,4,4,4,4,4,4,1
11/3/2014,11/3/2014,1,1,6,1,1,1,0,0,180.984,0,NA,NA,NA,NA,NA,1,NA,1,1,73,3,3,1,1,3,1,2,3,1,3,3,2,2,1,3,3,2,1,3,3,2,22,1,1,1,9,9,9,9,8,5,6,1,1,1,pres,1,0,0,140.068,0,2,NA,NA,NA,1,NA,63,54,50,73,3,3,1,1,3,1,2,3,1,3,3,1,1,1,3,3,1,1,2,2,1,NA,NA,NA,NA,NA,NA,NA,NA,NA,NA,NA,NA,NA,NA,NA,NA,NA,NA,NA,NA,NA,NA,NA,NA,NA,NA,NA,NA,NA,NA,NA,NA,NA,NA,NA,NA,NA,NA,NA,NA,NA,NA,NA,NA,NA,NA,NA,NA,NA,NA,NA,NA,NA,NA,NA,NA,NA,NA,NA,NA,NA,NA,NA,NA,NA,NA,NA,NA,NA,NA,NA,NA,NA,NA,NA,NA,NA,NA,NA
11/3/2014,11/3/2014,1,2,5,1,NA,NA,NA,NA,NA,NA,1,6.386,6.386,181.005,1,NA,1,1,1,NA,3,3,1,1,3,1,1,3,1,3,3,1,1,2,3,3,1,2,3,3,2,18,1,NA,1,9,5,7,3,6,3,8,1,NA,NA,NA,NA,NA,NA,NA,NA,NA,NA,NA,NA,NA,NA,NA,NA,NA,NA,NA,NA,NA,NA,NA,NA,NA,NA,NA,NA,NA,NA,NA,NA,NA,NA,NA,NA,NA,NA,NA,3,3,3,5,5,1,2,4,4,2,4,4,3,4,4,4,2,3,4,2,3,2,3,4,4,1,2,2,5,5,2,2,2,2,2,3,4,3,4,3,1,4,2,4,2,3,5,5,5,6,5,5,3,4,2,5,2,3,4,3,4,3,4,5,4,5,5,6,4,4,5,3,4,3,4,4,5,5,1
11/3/2014,11/3/2014,1,2,9,1,NA,NA,NA,NA,NA,NA,1,7.137,23.32,180.971,3,NA,1,1,1,100,4,4,1,1,4,1,1,3,1,4,4,1,1,1,4,4,1,1,4,4,1,20,1,NA,1,9,4,1,7,9,1,7,1,NA,NA,NA,NA,NA,NA,NA,NA,NA,NA,NA,NA,NA,NA,NA,NA,NA,NA,NA,NA,NA,NA,NA,NA,NA,NA,NA,NA,NA,NA,NA,NA,NA,NA,NA,NA,NA,NA,NA,1,4,1,4,4,1,2,5,5,1,5,5,1,5,3,4,1,4,2,4,2,2,4,1,3,1,1,3,5,1,3,1,1,3,2,4,5,1,4,4,1,4,3,4,3,1,4,5,5,5,2,5,4,2,1,3,4,4,6,6,5,6,6,6,3,5,5,5,3,4,5,5,4,1,4,5,5,5,1
11/3/2014,11/3/2014,1,1,16,1,1,1,0,0,180.97,0,NA,NA,NA,NA,NA,1,NA,1,1,67,3,3,1,1,3,1,1,3,1,3,3,1,1,1,3,3,1,2,3,3,2,21,1,1,1,6,9,3,9,9,1,8,1,1,1,pres,1,0,0,4.441,0,2,NA,NA,NA,1,NA,14,78,47,74,3,3,1,1,3,1,1,3,1,3,3,1,1,1,3,3,1,1,3,3,1,NA,NA,NA,NA,NA,NA,NA,NA,NA,NA,NA,NA,NA,NA,NA,NA,NA,NA,NA,NA,NA,NA,NA,NA,NA,NA,NA,NA,NA,NA,NA,NA,NA,NA,NA,NA,NA,NA,NA,NA,NA,NA,NA,NA,NA,NA,NA,NA,NA,NA,NA,NA,NA,NA,NA,NA,NA,NA,NA,NA,NA,NA,NA,NA,NA,NA,NA,NA,NA,NA,NA,NA,NA,NA,NA,NA,NA,NA,NA
11/3/2014,11/3/2014,1,1,13,1,1,1,0,0,180.971,0,NA,NA,NA,NA,NA,1,NA,1,1,30,1,3,3,3,2,1,3,1,2,2,1,3,3,1,1,2,3,3,1,1,2,19,1,1,1,6,8,9,8,9,9,6,1,1,1,pres,1,0,0,5.314,0,2,NA,NA,1,NA,NA,54,42,64,68,3,3,1,2,2,1,1,3,1,2,2,1,1,1,2,2,1,1,2,2,1,NA,NA,NA,NA,NA,NA,NA,NA,NA,NA,NA,NA,NA,NA,NA,NA,NA,NA,NA,NA,NA,NA,NA,NA,NA,NA,NA,NA,NA,NA,NA,NA,NA,NA,NA,NA,NA,NA,NA,NA,NA,NA,NA,NA,NA,NA,NA,NA,NA,NA,NA,NA,NA,NA,NA,NA,NA,NA,NA,NA,NA,NA,NA,NA,NA,NA,NA,NA,NA,NA,NA,NA,NA,NA,NA,NA,NA,NA,NA
11/3/2014,11/3/2014,1,1,18,1,1,1,0,0,180.967,0,NA,NA,NA,NA,NA,1,NA,1,1,55,3,2,1,1,3,1,1,2,1,3,2,1,1,2,3,3,1,1,3,3,2,19,1,1,1,8,7,9,5,8,2,7,1,1,1,pres,1,0,0,21.505,0,2,NA,NA,1,NA,NA,82,7,72,57,3,3,2,1,2,3,1,2,1,2,2,1,2,2,2,1,1,2,2,2,1,NA,NA,NA,NA,NA,NA,NA,NA,NA,NA,NA,NA,NA,NA,NA,NA,NA,NA,NA,NA,NA,NA,NA,NA,NA,NA,NA,NA,NA,NA,NA,NA,NA,NA,NA,NA,NA,NA,NA,NA,NA,NA,NA,NA,NA,NA,NA,NA,NA,NA,NA,NA,NA,NA,NA,NA,NA,NA,NA,NA,NA,NA,NA,NA,NA,NA,NA,NA,NA,NA,NA,NA,NA,NA,NA,NA,NA,NA,NA
11/3/2014,11/3/2014,1,1,14,1,1,1,0,0,180.999,0,NA,NA,NA,NA,NA,1,NA,1,1,53,4,3,2,2,3,1,1,2,1,2,2,2,1,1,3,3,1,1,3,3,2,18,1,1,1,7,9,6,9,9,4,8,1,1,1,pres,1,0,0,4.919,0,2,NA,NA,1,NA,NA,82,18,68,38,2,3,2,2,2,2,1,3,1,2,2,1,1,1,2,2,2,1,2,2,1,NA,NA,NA,NA,NA,NA,NA,NA,NA,NA,NA,NA,NA,NA,NA,NA,NA,NA,NA,NA,NA,NA,NA,NA,NA,NA,NA,NA,NA,NA,NA,NA,NA,NA,NA,NA,NA,NA,NA,NA,NA,NA,NA,NA,NA,NA,NA,NA,NA,NA,NA,NA,NA,NA,NA,NA,NA,NA,NA,NA,NA,NA,NA,NA,NA,NA,NA,NA,NA,NA,NA,NA,NA,NA,NA,NA,NA,NA,NA
11/3/2014,11/3/2014,1,2,12,1,NA,NA,NA,NA,NA,NA,1,10.581,10.581,180.995,1,NA,1,1,1,67,3,3,2,1,3,2,2,3,1,2,2,1,1,2,2,3,2,1,2,3,2,18,1,NA,1,9,9,9,8,7,5,8,1,NA,NA,NA,NA,NA,NA,NA,NA,NA,NA,NA,NA,NA,NA,NA,NA,NA,NA,NA,NA,NA,NA,NA,NA,NA,NA,NA,NA,NA,NA,NA,NA,NA,NA,NA,NA,NA,NA,NA,4,2,4,3,4,1,4,2,4,4,3,2,3,2,4,2,4,3,4,3,3,3,4,2,2,3,3,4,4,4,3,2,4,3,3,4,2,3,4,4,4,3,4,3,4,3,2,5,5,4,4,5,5,2,4,3,5,3,4,3,5,4,4,3,5,4,4,4,3,3,3,4,5,3,3,3,4,4,1
11/3/2014,11/3/2014,1,1,17,1,1,1,0,0,181.011,0,NA,NA,NA,NA,NA,1,NA,1,1,79,4,4,2,1,3,1,1,1,1,2,2,2,2,3,3,2,1,1,3,3,2,18,1,1,1,9,9,9,9,9,5,3,1,1,1,pres,1,0,0,5.546,0,2,NA,NA,1,NA,NA,100,0,0,59,3,3,1,1,3,1,1,1,1,2,2,2,2,2,2,2,2,1,2,2,1,NA,NA,NA,NA,NA,NA,NA,NA,NA,NA,NA,NA,NA,NA,NA,NA,NA,NA,NA,NA,NA,NA,NA,NA,NA,NA,NA,NA,NA,NA,NA,NA,NA,NA,NA,NA,NA,NA,NA,NA,NA,NA,NA,NA,NA,NA,NA,NA,NA,NA,NA,NA,NA,NA,NA,NA,NA,NA,NA,NA,NA,NA,NA,NA,NA,NA,NA,NA,NA,NA,NA,NA,NA,NA,NA,NA,NA,NA,NA
11/3/2014,11/3/2014,1,2,11,1,NA,NA,NA,NA,NA,NA,1,6.811,117.435,181.01,3,NA,1,1,1,61,4,4,2,1,3,1,3,2,1,3,3,1,2,1,2,3,2,1,2,3,1,18,1,NA,1,6,7,4,7,6,3,7,1,NA,NA,NA,NA,NA,NA,NA,NA,NA,NA,NA,NA,NA,NA,NA,NA,NA,NA,NA,NA,NA,NA,NA,NA,NA,NA,NA,NA,NA,NA,NA,NA,NA,NA,NA,NA,NA,NA,NA,2,4,3,3,2,1,1,2,3,1,4,4,1,3,3,2,1,5,2,3,2,3,5,1,3,4,1,5,3,2,3,3,4,4,2,4,3,4,3,4,4,2,1,4,4,1,2,4,4,4,5,5,5,2,2,5,6,4,6,5,5,5,5,5,4,5,5,6,2,3,2,2,5,4,4,6,6,6,1
11/3/2014,11/3/2014,1,2,10,1,NA,NA,NA,NA,NA,NA,1,10.533,10.533,181.014,1,NA,1,1,1,72,3,3,2,2,3,1,2,1,1,1,2,1,1,2,2,2,2,1,1,2,2,21,1,NA,1,7,9,9,8,9,4,6,1,NA,NA,NA,NA,NA,NA,NA,NA,NA,NA,NA,NA,NA,NA,NA,NA,NA,NA,NA,NA,NA,NA,NA,NA,NA,NA,NA,NA,NA,NA,NA,NA,NA,NA,NA,NA,NA,NA,NA,5,5,2,5,4,1,4,5,5,1,3,5,3,5,5,5,3,2,4,3,2,NA,NA,NA,NA,NA,2,2,4,3,4,4,3,2,2,4,5,3,4,4,1,4,2,3,2,2,6,6,6,5,4,5,5,3,4,1,2,2,4,5,4,4,3,6,6,2,3,5,3,3,4,3,4,4,4,4,5,5,1
11/3/2014,11/3/2014,1,2,8,1,NA,NA,NA,NA,NA,NA,1,12.42,12.42,180.968,1,NA,1,1,1,59,2,3,2,2,2,1,3,3,1,2,3,1,1,1,2,3,2,1,2,2,2,19,1,NA,1,8,4,7,7,6,2,7,1,NA,NA,NA,NA,NA,NA,NA,NA,NA,NA,NA,NA,NA,NA,NA,NA,NA,NA,NA,NA,NA,NA,NA,NA,NA,NA,NA,NA,NA,NA,NA,NA,NA,NA,NA,NA,NA,NA,NA,2,2,1,4,2,1,3,4,4,1,3,4,3,4,4,4,3,3,2,2,3,3,3,1,2,3,4,2,4,4,3,3,4,2,4,4,4,2,3,3,2,3,2,2,3,2,3,5,2,3,4,3,4,4,5,3,2,3,5,3,4,2,4,4,4,3,3,4,2,2,4,3,2,2,3,5,3,4,1
11/3/2014,11/3/2014,1,1,15,1,1,1,0,0,181.004,0,NA,NA,NA,NA,NA,1,NA,1,1,70,2,3,3,3,2,1,1,2,1,2,2,2,2,2,2,3,2,2,2,2,2,17,1,1,1,9,9,9,8,9,1,6,1,1,1,pres,1,0,0,119.606,0,2,1,NA,NA,NA,NA,93,5,25,38,3,3,2,2,2,1,1,2,1,2,2,1,1,1,3,2,1,1,2,2,1,NA,NA,NA,NA,NA,NA,NA,NA,NA,NA,NA,NA,NA,NA,NA,NA,NA,NA,NA,NA,NA,NA,NA,NA,NA,NA,NA,NA,NA,NA,NA,NA,NA,NA,NA,NA,NA,NA,NA,NA,NA,NA,NA,NA,NA,NA,NA,NA,NA,NA,NA,NA,NA,NA,NA,NA,NA,NA,NA,NA,NA,NA,NA,NA,NA,NA,NA,NA,NA,NA,NA,NA,NA,NA,NA,NA,NA,NA,NA
11/3/2014,11/3/2014,1,2,23,1,NA,NA,NA,NA,NA,NA,1,5.775,51.976,180.996,3,NA,1,1,1,78,4,4,1,2,4,1,1,2,1,3,3,1,1,2,3,2,2,1,2,2,2,23,1,NA,1,8,2,8,5,8,3,6,1,NA,NA,NA,NA,NA,NA,NA,NA,NA,NA,NA,NA,NA,NA,NA,NA,NA,NA,NA,NA,NA,NA,NA,NA,NA,NA,NA,NA,NA,NA,NA,NA,NA,NA,NA,NA,NA,NA,NA,4,3,4,4,4,1,3,4,4,4,2,4,2,4,4,4,4,3,4,2,4,2,3,1,2,2,4,4,4,4,2,2,3,3,2,4,4,2,5,3,2,4,2,2,3,4,5,5,5,5,5,5,5,2,2,4,5,5,4,5,5,4,4,5,5,5,5,5,4,4,4,4,5,4,3,5,5,5,1
11/3/2014,11/3/2014,1,2,21,1,NA,NA,NA,NA,NA,NA,1,5.756,5.756,180.997,1,NA,1,1,1,68,3,1,1,2,2,1,1,3,1,3,2,1,1,1,2,3,1,1,2,3,2,18,1,NA,1,5,7,8,7,9,6,7,1,NA,NA,NA,NA,NA,NA,NA,NA,NA,NA,NA,NA,NA,NA,NA,NA,NA,NA,NA,NA,NA,NA,NA,NA,NA,NA,NA,NA,NA,NA,NA,NA,NA,NA,NA,NA,NA,NA,NA,3,1,3,2,3,1,4,2,2,2,4,2,4,2,3,2,2,4,2,4,3,4,4,1,3,4,2,5,3,4,3,4,4,5,4,4,2,4,2,5,4,1,1,3,4,2,4,3,3,2,4,4,3,4,3,4,2,2,3,2,1,1,3,5,3,4,2,2,2,2,2,4,4,2,2,4,4,3,1
11/3/2014,11/3/2014,1,1,25,1,1,1,0,0,180.981,0,NA,NA,NA,NA,NA,1,NA,1,1,60,2,3,1,2,3,1,1,3,1,3,3,1,1,2,3,3,1,1,3,3,2,19,1,1,1,9,8,8,8,8,5,5,1,1,1,pres,1,197.49,197.49,197.841,1,2,NA,1,NA,NA,NA,44,65,59,53,3,3,1,1,3,1,1,3,1,1,3,1,1,1,3,3,1,2,3,3,1,NA,NA,NA,NA,NA,NA,NA,NA,NA,NA,NA,NA,NA,NA,NA,NA,NA,NA,NA,NA,NA,NA,NA,NA,NA,NA,NA,NA,NA,NA,NA,NA,NA,NA,NA,NA,NA,NA,NA,NA,NA,NA,NA,NA,NA,NA,NA,NA,NA,NA,NA,NA,NA,NA,NA,NA,NA,NA,NA,NA,NA,NA,NA,NA,NA,NA,NA,NA,NA,NA,NA,NA,NA,NA,NA,NA,NA,NA,NA
11/3/2014,11/3/2014,1,2,26,1,NA,NA,NA,NA,NA,NA,1,7.654,127.275,180.976,3,NA,1,1,1,73,4,3,2,1,3,2,2,2,2,1,3,2,2,1,3,3,1,1,3,3,1,20,1,NA,1,9,8,9,8,9,6,8,1,NA,NA,NA,NA,NA,NA,NA,NA,NA,NA,NA,NA,NA,NA,NA,NA,NA,NA,NA,NA,NA,NA,NA,NA,NA,NA,NA,NA,NA,NA,NA,NA,NA,NA,NA,NA,NA,NA,NA,2,4,2,5,3,1,2,4,3,2,5,2,2,2,3,4,3,2,4,2,3,2,4,5,4,3,2,3,4,2,3,4,3,4,2,4,3,1,4,3,3,2,2,4,3,4,3,5,3,3,2,4,5,2,3,5,5,5,4,4,4,5,4,5,3,4,3,5,4,3,2,3,4,3,4,5,4,5,1
11/3/2014,11/3/2014,1,1,24,1,1,1,8.422,8.798,180.968,2,NA,NA,NA,NA,NA,1,NA,1,1,66,2,3,2,1,3,1,2,3,1,3,3,2,2,1,3,3,2,1,3,3,2,20,1,1,1,8,3,3,7,8,2,7,1,1,1,pres,1,0,0,136.302,0,2,1,NA,NA,NA,NA,90,0,13,0,1,3,2,2,2,1,1,1,1,2,2,2,2,1,2,1,1,2,2,2,1,NA,NA,NA,NA,NA,NA,NA,NA,NA,NA,NA,NA,NA,NA,NA,NA,NA,NA,NA,NA,NA,NA,NA,NA,NA,NA,NA,NA,NA,NA,NA,NA,NA,NA,NA,NA,NA,NA,NA,NA,NA,NA,NA,NA,NA,NA,NA,NA,NA,NA,NA,NA,NA,NA,NA,NA,NA,NA,NA,NA,NA,NA,NA,NA,NA,NA,NA,NA,NA,NA,NA,NA,NA,NA,NA,NA,NA,NA,NA
11/3/2014,11/3/2014,1,2,29,1,NA,NA,NA,NA,NA,NA,1,7.71,145.888,180.99,7,NA,1,1,1,65,2,3,2,1,2,1,1,3,1,3,4,2,1,1,2,3,2,1,2,4,2,22,1,NA,1,9,9,8,6,9,3,9,1,NA,NA,NA,NA,NA,NA,NA,NA,NA,NA,NA,NA,NA,NA,NA,NA,NA,NA,NA,NA,NA,NA,NA,NA,NA,NA,NA,NA,NA,NA,NA,NA,NA,NA,NA,NA,NA,NA,NA,4,5,3,4,3,1,2,4,4,1,5,4,3,3,4,3,2,4,5,2,1,1,3,1,2,2,1,2,5,1,2,4,4,3,1,3,4,3,3,4,2,3,2,4,1,3,3,6,4,3,3,5,4,5,3,4,5,4,6,4,5,3,3,5,5,6,6,5,3,4,5,5,6,4,3,5,5,6,1
11/3/2014,11/3/2014,1,2,19,1,NA,NA,NA,NA,NA,NA,1,14.151,14.468,181.011,2,NA,1,1,1,100,3,4,2,2,4,1,1,4,1,4,3,2,2,3,4,4,1,1,3,4,1,23,1,NA,1,9,5,9,9,9,5,5,1,NA,NA,NA,NA,NA,NA,NA,NA,NA,NA,NA,NA,NA,NA,NA,NA,NA,NA,NA,NA,NA,NA,NA,NA,NA,NA,NA,NA,NA,NA,NA,NA,NA,NA,NA,NA,NA,NA,NA,5,5,5,5,5,1,4,4,3,1,3,5,5,3,3,4,5,2,5,3,5,3,4,2,5,3,2,5,5,5,3,5,3,5,3,5,4,5,2,5,3,2,5,2,4,3,6,6,6,6,5,6,6,1,2,5,6,6,6,5,6,6,6,6,4,6,6,6,6,6,4,6,5,6,4,6,6,6,1
11/3/2014,11/3/2014,1,1,22,1,1,1,0,0,180.965,0,NA,NA,NA,NA,NA,1,NA,1,1,13,1,2,3,4,2,3,4,1,3,1,1,3,3,4,1,1,3,3,2,1,2,18,1,1,1,9,8,5,8,4,2,8,1,1,1,pres,1,0,0,127.031,0,2,NA,1,NA,NA,NA,100,15,75,37,2,2,2,2,2,3,3,3,1,2,2,2,1,2,2,2,1,3,2,2,1,NA,NA,NA,NA,NA,NA,NA,NA,NA,NA,NA,NA,NA,NA,NA,NA,NA,NA,NA,NA,NA,NA,NA,NA,NA,NA,NA,NA,NA,NA,NA,NA,NA,NA,NA,NA,NA,NA,NA,NA,NA,NA,NA,NA,NA,NA,NA,NA,NA,NA,NA,NA,NA,NA,NA,NA,NA,NA,NA,NA,NA,NA,NA,NA,NA,NA,NA,NA,NA,NA,NA,NA,NA,NA,NA,NA,NA,NA,NA
11/3/2014,11/3/2014,1,2,20,1,NA,NA,NA,NA,NA,NA,1,9.86,9.86,181.004,1,NA,1,1,1,65,4,3,1,1,3,2,2,2,1,3,2,1,1,2,4,3,1,1,2,2,2,19,1,NA,1,2,9,8,7,7,3,7,1,NA,NA,NA,NA,NA,NA,NA,NA,NA,NA,NA,NA,NA,NA,NA,NA,NA,NA,NA,NA,NA,NA,NA,NA,NA,NA,NA,NA,NA,NA,NA,NA,NA,NA,NA,NA,NA,NA,NA,4,2,2,2,1,1,3,5,4,2,4,3,3,3,3,4,3,4,2,2,2,3,2,2,3,2,2,4,3,3,2,3,3,2,3,3,4,2,3,3,2,3,1,3,2,3,4,2,5,3,4,4,5,4,2,4,5,4,5,5,4,4,4,4,3,5,5,5,4,4,3,4,4,4,4,5,5,5,1
11/3/2014,11/3/2014,1,1,28,1,1,1,0,0,180.968,0,NA,NA,NA,NA,NA,1,NA,1,1,53,3,3,1,2,3,1,1,2,1,3,2,1,1,1,3,3,1,1,3,2,1,22,1,1,1,2,8,6,7,8,4,9,1,1,1,pres,1,65.421,65.421,67.508,1,2,NA,NA,1,NA,NA,20,84,88,68,2,2,2,2,2,2,1,3,1,2,2,1,1,1,2,3,1,1,2,2,1,NA,NA,NA,NA,NA,NA,NA,NA,NA,NA,NA,NA,NA,NA,NA,NA,NA,NA,NA,NA,NA,NA,NA,NA,NA,NA,NA,NA,NA,NA,NA,NA,NA,NA,NA,NA,NA,NA,NA,NA,NA,NA,NA,NA,NA,NA,NA,NA,NA,NA,NA,NA,NA,NA,NA,NA,NA,NA,NA,NA,NA,NA,NA,NA,NA,NA,NA,NA,NA,NA,NA,NA,NA,NA,NA,NA,NA,NA,NA
11/3/2014,11/3/2014,1,1,30,1,1,1,2.96,4.339,180.994,4,NA,NA,NA,NA,NA,1,NA,1,1,64,3,3,2,2,3,1,1,2,1,3,3,2,2,1,3,3,2,1,3,3,2,20,1,1,1,9,9,9,9,9,5,4,1,1,1,pres,1,0,0,115.866,0,2,NA,NA,1,NA,NA,20,42,24,74,3,3,1,1,4,1,1,2,1,3,3,1,1,1,3,3,1,2,3,3,1,NA,NA,NA,NA,NA,NA,NA,NA,NA,NA,NA,NA,NA,NA,NA,NA,NA,NA,NA,NA,NA,NA,NA,NA,NA,NA,NA,NA,NA,NA,NA,NA,NA,NA,NA,NA,NA,NA,NA,NA,NA,NA,NA,NA,NA,NA,NA,NA,NA,NA,NA,NA,NA,NA,NA,NA,NA,NA,NA,NA,NA,NA,NA,NA,NA,NA,NA,NA,NA,NA,NA,NA,NA,NA,NA,NA,NA,NA,NA
11/3/2014,11/3/2014,1,2,33,1,NA,NA,NA,NA,NA,NA,1,4.82,4.82,180.968,1,NA,1,1,1,70,4,4,1,1,4,1,2,3,1,3,2,1,1,1,3,3,2,1,3,3,2,17,1,NA,1,3,7,7,7,6,5,7,1,NA,NA,NA,NA,NA,NA,NA,NA,NA,NA,NA,NA,NA,NA,NA,NA,NA,NA,NA,NA,NA,NA,NA,NA,NA,NA,NA,NA,NA,NA,NA,NA,NA,NA,NA,NA,NA,NA,NA,4,4,2,4,2,1,1,3,4,2,4,3,2,3,3,3,1,4,3,3,1,3,4,2,1,2,1,2,4,2,3,2,4,2,3,4,3,3,3,3,2,2,2,4,3,2,3,5,3,5,3,5,5,3,3,5,5,5,5,5,5,4,4,3,4,4,5,5,4,4,5,4,4,4,4,4,4,4,1
11/3/2014,11/3/2014,1,2,37,1,NA,NA,NA,NA,NA,NA,1,1.291,1.291,180.998,1,NA,1,1,1,50,2,3,3,3,2,1,2,1,3,2,3,1,1,2,1,2,2,1,2,2,1,18,1,NA,1,9,3,4,6,9,1,4,1,NA,NA,NA,NA,NA,NA,NA,NA,NA,NA,NA,NA,NA,NA,NA,NA,NA,NA,NA,NA,NA,NA,NA,NA,NA,NA,NA,NA,NA,NA,NA,NA,NA,NA,NA,NA,NA,NA,NA,2,5,4,5,5,1,1,3,2,3,4,4,1,2,3,3,2,4,4,3,2,2,3,2,3,3,2,3,4,2,4,3,5,1,1,4,2,4,2,3,3,2,3,4,2,3,5,5,5,5,4,2,3,1,1,2,5,5,5,5,5,5,5,5,5,2,3,5,4,4,3,3,4,3,4,6,6,6,1
11/3/2014,11/3/2014,1,1,36,1,1,1,0,0,180.999,0,NA,NA,NA,NA,NA,1,NA,1,1,32,1,2,3,3,1,1,2,1,3,1,1,4,4,2,1,1,2,4,1,1,2,21,1,1,1,7,8,5,8,8,4,5,1,1,1,pres,1,0,0,128.517,0,2,NA,NA,1,NA,NA,98,1,83,49,2,2,2,2,2,1,1,2,1,2,2,3,3,1,2,2,2,2,1,1,1,NA,NA,NA,NA,NA,NA,NA,NA,NA,NA,NA,NA,NA,NA,NA,NA,NA,NA,NA,NA,NA,NA,NA,NA,NA,NA,NA,NA,NA,NA,NA,NA,NA,NA,NA,NA,NA,NA,NA,NA,NA,NA,NA,NA,NA,NA,NA,NA,NA,NA,NA,NA,NA,NA,NA,NA,NA,NA,NA,NA,NA,NA,NA,NA,NA,NA,NA,NA,NA,NA,NA,NA,NA,NA,NA,NA,NA,NA,NA
11/3/2014,11/3/2014,1,1,32,1,1,1,73.468,77.391,181.01,13,NA,NA,NA,NA,NA,1,NA,1,1,74,3,3,2,2,3,1,2,3,1,3,3,2,1,1,2,3,1,2,3,3,2,19,1,1,1,9,9,9,9,9,3,3,1,1,1,pres,1,0,0,12.642,0,2,NA,NA,1,NA,NA,90,3,81,77,2,3,2,1,3,1,2,3,1,3,3,2,1,1,3,3,2,2,3,3,1,NA,NA,NA,NA,NA,NA,NA,NA,NA,NA,NA,NA,NA,NA,NA,NA,NA,NA,NA,NA,NA,NA,NA,NA,NA,NA,NA,NA,NA,NA,NA,NA,NA,NA,NA,NA,NA,NA,NA,NA,NA,NA,NA,NA,NA,NA,NA,NA,NA,NA,NA,NA,NA,NA,NA,NA,NA,NA,NA,NA,NA,NA,NA,NA,NA,NA,NA,NA,NA,NA,NA,NA,NA,NA,NA,NA,NA,NA,NA
11/3/2014,11/3/2014,1,2,35,1,NA,NA,NA,NA,NA,NA,1,4.908,133.229,180.991,5,NA,1,1,1,84,3,4,2,2,4,1,1,3,1,3,3,1,1,1,2,3,1,1,1,3,2,18,1,NA,1,8,9,9,7,5,2,7,1,NA,NA,NA,NA,NA,NA,NA,NA,NA,NA,NA,NA,NA,NA,NA,NA,NA,NA,NA,NA,NA,NA,NA,NA,NA,NA,NA,NA,NA,NA,NA,NA,NA,NA,NA,NA,NA,NA,NA,5,2,4,1,2,1,1,4,5,4,4,4,1,5,5,5,1,4,2,1,1,1,5,2,4,2,1,2,5,4,4,3,1,1,1,5,5,3,4,4,1,4,1,4,1,2,4,5,2,4,3,3,6,2,4,2,3,2,2,5,5,5,5,2,3,6,6,6,4,5,5,5,4,4,4,5,5,5,1
11/3/2014,11/3/2014,1,2,31,1,NA,NA,NA,NA,NA,NA,1,10.647,10.647,181.007,1,NA,1,1,1,69,3,3,2,1,3,1,2,3,1,3,3,2,2,2,3,3,2,1,3,3,2,23,1,NA,1,8,7,8,7,8,4,4,1,NA,NA,NA,NA,NA,NA,NA,NA,NA,NA,NA,NA,NA,NA,NA,NA,NA,NA,NA,NA,NA,NA,NA,NA,NA,NA,NA,NA,NA,NA,NA,NA,NA,NA,NA,NA,NA,NA,NA,3,4,4,5,4,1,1,4,4,2,4,4,2,5,4,4,1,4,3,1,2,2,4,2,3,2,1,3,4,2,3,2,4,2,2,4,4,3,3,4,2,3,2,4,2,3,4,4,3,4,5,5,5,2,2,5,4,3,4,4,4,4,4,6,3,4,4,5,3,4,5,5,2,2,2,4,4,5,1
11/3/2014,11/3/2014,1,1,34,1,1,1,0,0,180.998,0,NA,NA,NA,NA,NA,1,NA,1,1,63,3,4,2,1,3,2,1,3,1,3,3,1,1,2,3,3,1,1,3,3,2,18,1,1,1,3,4,8,8,8,7,8,1,1,1,pres,1,0,0,5.357,0,2,NA,NA,NA,1,NA,73,31,57,65,3,4,1,1,3,1,1,3,1,3,3,1,1,2,3,3,1,1,3,3,1,NA,NA,NA,NA,NA,NA,NA,NA,NA,NA,NA,NA,NA,NA,NA,NA,NA,NA,NA,NA,NA,NA,NA,NA,NA,NA,NA,NA,NA,NA,NA,NA,NA,NA,NA,NA,NA,NA,NA,NA,NA,NA,NA,NA,NA,NA,NA,NA,NA,NA,NA,NA,NA,NA,NA,NA,NA,NA,NA,NA,NA,NA,NA,NA,NA,NA,NA,NA,NA,NA,NA,NA,NA,NA,NA,NA,NA,NA,NA
11/3/2014,11/3/2014,1,1,38,1,1,1,0,0,180.969,0,NA,NA,NA,NA,NA,1,NA,1,1,67,3,3,2,2,2,1,4,2,1,3,3,2,2,1,2,3,2,2,2,3,2,18,1,1,1,8,9,8,9,9,5,7,1,1,1,pres,1,0,0,249.659,0,2,NA,NA,NA,1,NA,68,68,100,79,3,3,1,1,3,1,4,3,1,3,3,1,1,1,4,3,1,1,3,3,1,NA,NA,NA,NA,NA,NA,NA,NA,NA,NA,NA,NA,NA,NA,NA,NA,NA,NA,NA,NA,NA,NA,NA,NA,NA,NA,NA,NA,NA,NA,NA,NA,NA,NA,NA,NA,NA,NA,NA,NA,NA,NA,NA,NA,NA,NA,NA,NA,NA,NA,NA,NA,NA,NA,NA,NA,NA,NA,NA,NA,NA,NA,NA,NA,NA,NA,NA,NA,NA,NA,NA,NA,NA,NA,NA,NA,NA,NA,NA
11/3/2014,11/3/2014,1,2,40,1,NA,NA,NA,NA,NA,NA,1,25.021,25.021,181.006,1,NA,1,1,1,19,2,4,3,3,3,3,3,3,2,3,3,3,3,2,2,2,1,1,1,2,1,22,1,NA,1,9,6,1,1,9,7,3,1,NA,NA,NA,NA,NA,NA,NA,NA,NA,NA,NA,NA,NA,NA,NA,NA,NA,NA,NA,NA,NA,NA,NA,NA,NA,NA,NA,NA,NA,NA,NA,NA,NA,NA,NA,NA,NA,NA,NA,4,4,4,4,4,1,1,5,4,1,5,5,1,5,5,5,2,5,5,1,1,1,4,5,5,NA,NA,NA,NA,NA,5,3,3,1,1,5,5,5,5,5,1,3,3,3,3,3,4,4,4,3,3,4,4,3,4,3,3,4,3,4,4,4,3,4,4,3,4,4,4,3,4,4,4,3,4,4,4,3,1
11/3/2014,11/3/2014,1,2,39,1,NA,NA,NA,NA,NA,NA,1,3.772,3.772,180.992,1,NA,1,1,1,87,4,4,1,1,4,1,1,3,1,4,4,1,1,1,3,4,1,1,3,4,1,20,1,NA,1,7,8,9,4,9,5,6,1,NA,NA,NA,NA,NA,NA,NA,NA,NA,NA,NA,NA,NA,NA,NA,NA,NA,NA,NA,NA,NA,NA,NA,NA,NA,NA,NA,NA,NA,NA,NA,NA,NA,NA,NA,NA,NA,NA,NA,2,4,1,4,4,1,1,3,3,2,4,4,2,4,4,3,2,5,4,2,2,2,3,4,3,1,1,4,4,2,3,4,3,2,3,4,4,1,2,4,2,3,1,4,1,2,4,5,5,4,3,4,5,3,2,5,6,5,5,4,4,5,5,3,2,4,5,4,4,5,4,3,2,2,4,6,6,5,1
11/4/2014,11/4/2014,1,1,42,1,1,1,6.203,8.874,180.998,4,NA,NA,NA,NA,NA,1,NA,1,1,58,3,3,1,1,3,2,1,2,1,2,2,1,1,2,2,2,1,1,1,2,2,19,1,1,1,9,7,6,7,9,7,7,1,1,1,pres,1,0,0,144.292,0,2,NA,1,NA,NA,NA,100,15,66,45,2,2,2,2,2,2,1,1,1,2,1,2,1,2,2,1,1,1,2,1,1,NA,NA,NA,NA,NA,NA,NA,NA,NA,NA,NA,NA,NA,NA,NA,NA,NA,NA,NA,NA,NA,NA,NA,NA,NA,NA,NA,NA,NA,NA,NA,NA,NA,NA,NA,NA,NA,NA,NA,NA,NA,NA,NA,NA,NA,NA,NA,NA,NA,NA,NA,NA,NA,NA,NA,NA,NA,NA,NA,NA,NA,NA,NA,NA,NA,NA,NA,NA,NA,NA,NA,NA,NA,NA,NA,NA,NA,NA,NA
11/4/2014,11/4/2014,1,2,41,1,NA,NA,NA,NA,NA,NA,1,6.374,90.151,180.966,6,NA,1,1,1,84,2,2,2,1,2,1,3,3,1,3,2,1,1,2,2,3,2,1,2,3,2,26,1,NA,1,9,9,8,9,9,1,8,1,NA,NA,NA,NA,NA,NA,NA,NA,NA,NA,NA,NA,NA,NA,NA,NA,NA,NA,NA,NA,NA,NA,NA,NA,NA,NA,NA,NA,NA,NA,NA,NA,NA,NA,NA,NA,NA,NA,NA,5,2,5,5,5,1,1,5,4,1,5,3,3,4,3,3,1,5,4,1,1,1,5,1,5,1,1,3,5,1,4,2,5,4,3,4,2,4,5,4,1,4,1,5,5,1,6,6,3,5,1,6,6,1,2,5,4,5,5,5,5,5,2,6,6,6,6,4,2,5,4,2,5,2,1,4,6,6,1
11/4/2014,11/4/2014,1,1,43,1,1,1,0,0,180.999,0,NA,NA,NA,NA,NA,1,NA,1,1,58,2,2,3,3,1,1,3,1,2,2,3,3,3,1,2,3,3,3,2,2,2,19,1,1,1,8,6,4,7,9,3,9,1,1,1,pres,1,0,0,140.436,0,2,NA,NA,1,NA,NA,58,36,66,57,2,3,1,1,3,2,2,3,2,2,3,1,1,1,3,3,2,2,2,2,1,NA,NA,NA,NA,NA,NA,NA,NA,NA,NA,NA,NA,NA,NA,NA,NA,NA,NA,NA,NA,NA,NA,NA,NA,NA,NA,NA,NA,NA,NA,NA,NA,NA,NA,NA,NA,NA,NA,NA,NA,NA,NA,NA,NA,NA,NA,NA,NA,NA,NA,NA,NA,NA,NA,NA,NA,NA,NA,NA,NA,NA,NA,NA,NA,NA,NA,NA,NA,NA,NA,NA,NA,NA,NA,NA,NA,NA,NA,NA
11/4/2014,11/4/2014,1,1,46,1,1,1,107.221,107.221,180.99,1,NA,NA,NA,NA,NA,1,NA,1,1,57,2,3,2,2,3,1,1,2,1,2,2,2,1,1,2,2,1,2,2,2,2,19,1,1,1,9,9,8,8,8,4,7,1,1,1,pres,1,0,0,145.75,0,2,NA,1,1,NA,NA,54,45,56,45,2,3,1,1,2,2,1,2,1,2,2,1,1,1,2,2,1,1,2,2,1,NA,NA,NA,NA,NA,NA,NA,NA,NA,NA,NA,NA,NA,NA,NA,NA,NA,NA,NA,NA,NA,NA,NA,NA,NA,NA,NA,NA,NA,NA,NA,NA,NA,NA,NA,NA,NA,NA,NA,NA,NA,NA,NA,NA,NA,NA,NA,NA,NA,NA,NA,NA,NA,NA,NA,NA,NA,NA,NA,NA,NA,NA,NA,NA,NA,NA,NA,NA,NA,NA,NA,NA,NA,NA,NA,NA,NA,NA,NA
11/4/2014,11/4/2014,1,2,44,1,NA,NA,NA,NA,NA,NA,1,9.197,9.197,181.035,1,NA,1,1,1,62,3,4,2,3,3,1,1,1,1,3,3,1,1,1,2,2,1,1,3,3,2,19,1,NA,1,9,2,9,8,7,5,9,1,NA,NA,NA,NA,NA,NA,NA,NA,NA,NA,NA,NA,NA,NA,NA,NA,NA,NA,NA,NA,NA,NA,NA,NA,NA,NA,NA,NA,NA,NA,NA,NA,NA,NA,NA,NA,NA,NA,NA,5,5,5,4,4,1,1,4,4,5,2,3,5,3,4,4,4,4,3,3,4,3,1,1,1,3,4,3,5,5,1,1,4,1,1,1,4,1,2,1,2,2,2,2,3,5,6,6,5,3,2,2,5,4,4,4,5,5,5,4,4,5,5,5,6,6,4,5,3,4,3,3,3,2,2,5,5,4,1
11/4/2014,11/4/2014,1,2,45,1,NA,NA,NA,NA,NA,NA,1,9.694,9.694,181.001,1,NA,1,1,1,40,2,2,3,3,1,2,3,2,2,1,1,2,2,3,2,2,2,2,2,2,2,21,1,NA,1,9,2,9,8,9,2,1,1,NA,NA,NA,NA,NA,NA,NA,NA,NA,NA,NA,NA,NA,NA,NA,NA,NA,NA,NA,NA,NA,NA,NA,NA,NA,NA,NA,NA,NA,NA,NA,NA,NA,NA,NA,NA,NA,NA,NA,4,3,1,5,3,1,5,3,4,4,2,3,2,3,2,3,5,2,4,4,5,5,4,2,2,4,5,5,3,5,1,3,2,3,5,1,4,2,2,2,3,2,2,1,4,4,3,5,3,3,2,4,3,3,5,4,1,2,3,3,3,3,3,5,5,5,3,4,3,4,3,2,2,2,2,2,3,3,1
11/4/2014,11/4/2014,1,1,50,1,1,1,0,0,181.012,0,NA,NA,NA,NA,NA,1,NA,1,1,75,3,2,2,2,3,1,1,2,1,3,2,2,2,1,2,2,2,1,2,2,2,18,1,1,1,4,6,3,5,8,2,6,1,1,1,pres,1,0,0,224,0,2,NA,NA,NA,1,NA,45,61,76,70,3,2,1,1,2,1,1,3,1,2,2,1,1,1,3,3,1,1,2,2,1,NA,NA,NA,NA,NA,NA,NA,NA,NA,NA,NA,NA,NA,NA,NA,NA,NA,NA,NA,NA,NA,NA,NA,NA,NA,NA,NA,NA,NA,NA,NA,NA,NA,NA,NA,NA,NA,NA,NA,NA,NA,NA,NA,NA,NA,NA,NA,NA,NA,NA,NA,NA,NA,NA,NA,NA,NA,NA,NA,NA,NA,NA,NA,NA,NA,NA,NA,NA,NA,NA,NA,NA,NA,NA,NA,NA,NA,NA,NA
11/4/2014,11/4/2014,1,2,47,1,NA,NA,NA,NA,NA,NA,1,8.169,8.169,180.993,1,NA,1,1,1,51,3,3,1,1,3,1,2,3,1,3,3,1,1,1,3,3,1,1,3,3,2,19,1,NA,1,8,9,6,8,9,2,8,1,NA,NA,NA,NA,NA,NA,NA,NA,NA,NA,NA,NA,NA,NA,NA,NA,NA,NA,NA,NA,NA,NA,NA,NA,NA,NA,NA,NA,NA,NA,NA,NA,NA,NA,NA,NA,NA,NA,NA,2,2,2,2,2,1,1,4,4,1,5,4,1,4,4,4,1,4,4,1,1,2,3,1,5,2,1,2,4,2,5,2,4,2,2,5,4,5,3,4,2,3,2,4,2,1,1,4,4,2,2,4,4,2,2,4,3,2,4,3,3,4,3,3,4,4,3,4,4,3,4,4,3,4,3,5,5,4,1
11/4/2014,11/4/2014,1,1,49,1,1,1,6.849,83.072,181.002,3,NA,NA,NA,NA,NA,1,NA,1,1,63,4,3,2,2,2,1,1,2,1,2,3,1,1,2,2,2,1,1,3,2,1,23,1,1,1,4,8,9,6,5,2,7,1,1,1,pres,1,0,0,171.072,0,2,NA,NA,NA,NA,1,18,58,79,75,2,2,2,2,2,1,1,3,1,2,2,2,2,1,2,2,1,1,3,2,1,NA,NA,NA,NA,NA,NA,NA,NA,NA,NA,NA,NA,NA,NA,NA,NA,NA,NA,NA,NA,NA,NA,NA,NA,NA,NA,NA,NA,NA,NA,NA,NA,NA,NA,NA,NA,NA,NA,NA,NA,NA,NA,NA,NA,NA,NA,NA,NA,NA,NA,NA,NA,NA,NA,NA,NA,NA,NA,NA,NA,NA,NA,NA,NA,NA,NA,NA,NA,NA,NA,NA,NA,NA,NA,NA,NA,NA,NA,NA
11/4/2014,11/4/2014,1,1,51,1,1,1,0,0,180.997,0,NA,NA,NA,NA,NA,1,NA,1,1,44,3,2,1,1,2,1,1,3,1,2,2,1,1,2,3,2,1,2,1,2,2,20,1,1,1,9,8,8,6,9,2,6,1,1,1,pres,1,0,0,221.766,0,1,NA,NA,NA,1,NA,78,13,11,40,1,2,2,2,2,1,1,3,1,2,2,2,2,1,1,2,1,2,2,1,1,NA,NA,NA,NA,NA,NA,NA,NA,NA,NA,NA,NA,NA,NA,NA,NA,NA,NA,NA,NA,NA,NA,NA,NA,NA,NA,NA,NA,NA,NA,NA,NA,NA,NA,NA,NA,NA,NA,NA,NA,NA,NA,NA,NA,NA,NA,NA,NA,NA,NA,NA,NA,NA,NA,NA,NA,NA,NA,NA,NA,NA,NA,NA,NA,NA,NA,NA,NA,NA,NA,NA,NA,NA,NA,NA,NA,NA,NA,NA
11/4/2014,11/4/2014,1,2,48,1,NA,NA,NA,NA,NA,NA,1,10.57,10.57,181.004,1,NA,1,1,1,45,3,3,2,1,3,1,1,2,1,2,3,2,1,1,3,3,2,1,2,3,1,20,1,NA,1,7,2,4,6,8,5,4,1,NA,NA,NA,NA,NA,NA,NA,NA,NA,NA,NA,NA,NA,NA,NA,NA,NA,NA,NA,NA,NA,NA,NA,NA,NA,NA,NA,NA,NA,NA,NA,NA,NA,NA,NA,NA,NA,NA,NA,1,2,2,3,4,1,2,4,3,3,3,3,2,4,4,3,1,4,4,2,2,3,4,2,2,3,1,4,3,4,3,5,3,3,3,4,2,3,2,3,3,3,4,3,3,3,2,4,4,5,4,3,4,3,5,3,4,4,3,3,4,3,4,3,4,4,3,4,2,3,2,3,3,3,4,4,4,4,1
11/4/2014,11/4/2014,1,2,52,1,NA,NA,NA,NA,NA,NA,1,20.271,20.271,180.983,1,NA,1,1,1,67,2,4,3,2,3,3,4,3,1,3,2,1,1,3,2,3,4,1,2,3,2,19,1,NA,1,9,7,3,5,9,5,7,1,NA,NA,NA,NA,NA,NA,NA,NA,NA,NA,NA,NA,NA,NA,NA,NA,NA,NA,NA,NA,NA,NA,NA,NA,NA,NA,NA,NA,NA,NA,NA,NA,NA,NA,NA,NA,NA,NA,NA,5,2,5,3,4,1,1,2,3,3,4,1,2,3,4,3,2,5,4,4,2,3,3,2,4,4,2,4,4,4,3,4,4,1,3,2,3,2,2,2,3,3,1,3,2,3,5,6,6,6,5,3,4,4,3,5,4,3,4,4,4,2,4,3,5,5,5,5,2,3,6,3,4,3,2,5,5,5,1
11/4/2014,11/4/2014,1,1,53,1,1,1,0,0,181.002,0,NA,NA,NA,NA,NA,1,NA,1,1,62,2,2,2,2,2,1,2,2,1,2,1,2,2,2,2,2,2,2,1,2,2,19,1,1,1,9,9,7,7,9,6,5,1,1,1,pres,1,0,0,154.396,0,2,1,NA,NA,NA,NA,100,1,44,29,1,1,3,3,2,3,2,1,1,1,1,2,2,2,1,1,2,3,1,1,1,NA,NA,NA,NA,NA,NA,NA,NA,NA,NA,NA,NA,NA,NA,NA,NA,NA,NA,NA,NA,NA,NA,NA,NA,NA,NA,NA,NA,NA,NA,NA,NA,NA,NA,NA,NA,NA,NA,NA,NA,NA,NA,NA,NA,NA,NA,NA,NA,NA,NA,NA,NA,NA,NA,NA,NA,NA,NA,NA,NA,NA,NA,NA,NA,NA,NA,NA,NA,NA,NA,NA,NA,NA,NA,NA,NA,NA,NA,NA
11/4/2014,11/4/2014,1,1,60,1,1,1,13.216,13.44,181.011,2,NA,NA,NA,NA,NA,1,NA,1,1,67,2,4,2,2,3,1,2,3,2,3,2,3,3,1,2,3,2,1,3,3,2,18,1,1,1,8,9,8,9,7,4,9,1,1,1,pres,1,0,0,109.437,0,2,NA,NA,1,NA,NA,85,22,85,41,3,3,1,2,3,1,1,3,1,4,3,1,1,1,3,3,1,1,3,3,1,NA,NA,NA,NA,NA,NA,NA,NA,NA,NA,NA,NA,NA,NA,NA,NA,NA,NA,NA,NA,NA,NA,NA,NA,NA,NA,NA,NA,NA,NA,NA,NA,NA,NA,NA,NA,NA,NA,NA,NA,NA,NA,NA,NA,NA,NA,NA,NA,NA,NA,NA,NA,NA,NA,NA,NA,NA,NA,NA,NA,NA,NA,NA,NA,NA,NA,NA,NA,NA,NA,NA,NA,NA,NA,NA,NA,NA,NA,NA
11/4/2014,11/4/2014,1,2,55,1,NA,NA,NA,NA,NA,NA,1,6.302,6.302,180.988,1,NA,1,1,1,58,4,4,1,1,3,1,2,3,1,3,3,1,1,2,4,3,2,1,3,3,1,17,1,NA,1,3,5,5,7,5,4,5,1,NA,NA,NA,NA,NA,NA,NA,NA,NA,NA,NA,NA,NA,NA,NA,NA,NA,NA,NA,NA,NA,NA,NA,NA,NA,NA,NA,NA,NA,NA,NA,NA,NA,NA,NA,NA,NA,NA,NA,2,2,3,4,1,1,2,3,4,2,5,3,3,3,4,3,1,4,2,2,2,3,4,4,3,2,2,3,4,3,2,3,4,3,3,3,3,4,2,3,3,2,3,4,4,3,3,5,5,4,5,5,5,3,3,5,4,4,3,4,4,4,4,3,4,4,5,5,4,3,2,2,2,2,3,5,4,4,1
11/4/2014,11/4/2014,1,2,56,1,NA,NA,NA,NA,NA,NA,1,11.321,11.321,180.996,1,NA,1,1,1,69,3,3,1,1,3,1,1,2,1,2,3,1,1,1,3,2,1,2,3,2,2,18,1,NA,1,7,5,4,9,8,2,6,1,NA,NA,NA,NA,NA,NA,NA,NA,NA,NA,NA,NA,NA,NA,NA,NA,NA,NA,NA,NA,NA,NA,NA,NA,NA,NA,NA,NA,NA,NA,NA,NA,NA,NA,NA,NA,NA,NA,NA,4,4,3,4,4,1,2,4,3,3,4,4,4,4,3,4,3,4,4,3,3,3,4,2,1,3,3,3,4,2,4,5,2,3,2,4,3,2,4,3,3,3,4,2,3,3,5,5,5,4,2,3,4,4,3,3,3,4,4,5,5,4,5,4,4,5,5,5,3,4,4,3,3,2,4,4,4,5,1
11/4/2014,11/4/2014,1,1,58,1,1,1,0,0,181.02,0,NA,NA,NA,NA,NA,1,NA,1,1,56,2,3,2,3,2,2,3,2,2,2,2,3,3,1,2,2,2,3,2,2,2,17,1,1,1,7,8,7,7,8,4,6,1,1,1,pres,1,0,0,114.545,0,2,NA,NA,1,NA,NA,27,7,40,60,3,3,1,1,3,1,1,3,1,2,2,1,1,1,3,3,1,1,2,2,1,NA,NA,NA,NA,NA,NA,NA,NA,NA,NA,NA,NA,NA,NA,NA,NA,NA,NA,NA,NA,NA,NA,NA,NA,NA,NA,NA,NA,NA,NA,NA,NA,NA,NA,NA,NA,NA,NA,NA,NA,NA,NA,NA,NA,NA,NA,NA,NA,NA,NA,NA,NA,NA,NA,NA,NA,NA,NA,NA,NA,NA,NA,NA,NA,NA,NA,NA,NA,NA,NA,NA,NA,NA,NA,NA,NA,NA,NA,NA
11/4/2014,11/4/2014,1,1,59,1,1,1,11.252,11.952,181.004,2,NA,NA,NA,NA,NA,1,NA,1,1,65,3,3,2,1,3,1,1,2,1,2,2,1,1,2,2,2,1,2,2,2,1,22,1,1,1,9,7,9,7,9,5,3,1,1,1,pres,1,0,0,109.076,0,2,NA,NA,1,NA,NA,63,32,63,65,3,3,2,1,2,1,1,2,1,2,2,2,1,2,3,2,1,2,2,2,1,NA,NA,NA,NA,NA,NA,NA,NA,NA,NA,NA,NA,NA,NA,NA,NA,NA,NA,NA,NA,NA,NA,NA,NA,NA,NA,NA,NA,NA,NA,NA,NA,NA,NA,NA,NA,NA,NA,NA,NA,NA,NA,NA,NA,NA,NA,NA,NA,NA,NA,NA,NA,NA,NA,NA,NA,NA,NA,NA,NA,NA,NA,NA,NA,NA,NA,NA,NA,NA,NA,NA,NA,NA,NA,NA,NA,NA,NA,NA
11/4/2014,11/4/2014,1,2,62,1,NA,NA,NA,NA,NA,NA,1,7.876,41.843,180.967,3,NA,1,1,1,57,4,4,1,1,3,1,1,3,1,3,3,1,2,2,3,3,2,1,3,3,2,18,1,NA,1,1,8,4,7,5,1,2,1,NA,NA,NA,NA,NA,NA,NA,NA,NA,NA,NA,NA,NA,NA,NA,NA,NA,NA,NA,NA,NA,NA,NA,NA,NA,NA,NA,NA,NA,NA,NA,NA,NA,NA,NA,NA,NA,NA,NA,4,1,1,4,1,1,3,4,3,4,1,3,4,4,3,4,4,4,4,3,3,2,2,2,1,3,3,4,4,3,2,2,3,4,2,4,2,2,2,3,3,2,3,2,3,3,5,4,3,2,3,4,3,3,3,3,4,4,5,4,3,3,3,3,3,3,3,4,3,3,2,2,2,2,2,4,4,4,1
11/4/2014,11/4/2014,1,2,57,1,NA,NA,NA,NA,NA,NA,1,15.704,159.271,180.97,5,NA,1,1,1,48,2,3,2,2,2,2,2,2,1,1,2,2,2,3,1,1,1,2,1,1,2,19,1,NA,1,8,8,9,8,8,2,7,1,NA,NA,NA,NA,NA,NA,NA,NA,NA,NA,NA,NA,NA,NA,NA,NA,NA,NA,NA,NA,NA,NA,NA,NA,NA,NA,NA,NA,NA,NA,NA,NA,NA,NA,NA,NA,NA,NA,NA,4,2,5,5,5,1,1,4,4,1,5,5,1,4,5,4,1,4,2,1,1,2,1,5,5,2,2,2,4,4,5,4,4,1,1,5,5,5,5,5,5,3,4,4,3,2,5,5,5,5,3,4,3,2,5,4,2,3,3,4,5,3,3,5,4,5,3,4,4,5,4,4,5,3,3,2,5,4,1
11/4/2014,11/4/2014,1,1,54,1,1,1,0,0,181,0,NA,NA,NA,NA,NA,1,NA,1,1,44,2,4,2,1,2,2,1,3,1,3,3,2,2,1,2,3,1,1,1,2,2,18,1,1,1,8,9,8,7,8,2,8,1,1,1,pres,1,0,0,120.692,0,2,NA,NA,1,NA,NA,97,8,97,79,4,4,1,1,4,1,1,3,1,4,3,1,1,1,4,4,1,1,3,4,1,NA,NA,NA,NA,NA,NA,NA,NA,NA,NA,NA,NA,NA,NA,NA,NA,NA,NA,NA,NA,NA,NA,NA,NA,NA,NA,NA,NA,NA,NA,NA,NA,NA,NA,NA,NA,NA,NA,NA,NA,NA,NA,NA,NA,NA,NA,NA,NA,NA,NA,NA,NA,NA,NA,NA,NA,NA,NA,NA,NA,NA,NA,NA,NA,NA,NA,NA,NA,NA,NA,NA,NA,NA,NA,NA,NA,NA,NA,NA
11/4/2014,11/4/2014,1,1,63,1,1,1,0,0,181.023,0,NA,NA,NA,NA,NA,1,NA,1,1,49,3,3,2,2,2,1,1,1,1,1,2,2,2,3,2,2,2,1,2,2,2,20,1,1,1,8,4,9,7,9,7,5,1,1,1,pres,1,0,0,144.717,0,2,NA,NA,1,NA,NA,91,29,63,26,1,2,3,3,2,3,2,1,1,1,1,3,3,3,1,2,2,3,2,2,1,NA,NA,NA,NA,NA,NA,NA,NA,NA,NA,NA,NA,NA,NA,NA,NA,NA,NA,NA,NA,NA,NA,NA,NA,NA,NA,NA,NA,NA,NA,NA,NA,NA,NA,NA,NA,NA,NA,NA,NA,NA,NA,NA,NA,NA,NA,NA,NA,NA,NA,NA,NA,NA,NA,NA,NA,NA,NA,NA,NA,NA,NA,NA,NA,NA,NA,NA,NA,NA,NA,NA,NA,NA,NA,NA,NA,NA,NA,NA
11/4/2014,11/4/2014,1,2,64,1,NA,NA,NA,NA,NA,NA,1,5.775,179.304,180.974,5,NA,1,1,1,76,2,4,1,1,4,1,2,4,1,4,3,1,1,1,4,4,2,1,3,4,2,18,1,NA,1,2,9,8,8,8,4,7,1,NA,NA,NA,NA,NA,NA,NA,NA,NA,NA,NA,NA,NA,NA,NA,NA,NA,NA,NA,NA,NA,NA,NA,NA,NA,NA,NA,NA,NA,NA,NA,NA,NA,NA,NA,NA,NA,NA,NA,1,3,1,3,1,1,3,4,4,3,5,4,3,4,3,4,2,3,2,2,2,3,5,2,2,2,2,3,4,2,4,4,5,2,2,5,4,3,4,3,2,3,2,4,4,2,2,5,3,1,4,5,6,2,1,5,4,4,5,4,3,2,2,3,1,4,5,5,2,3,2,1,1,1,1,2,2,2,1
11/4/2014,11/4/2014,1,1,61,1,1,1,0,0,181.012,0,NA,NA,NA,NA,NA,1,NA,1,1,50,3,4,1,2,2,1,1,1,1,2,2,1,1,2,3,2,2,1,2,2,2,27,1,1,1,9,8,9,5,9,5,2,1,1,1,pres,1,0,0,143.957,0,1,NA,NA,NA,1,NA,98,1,64,64,3,4,1,2,2,1,1,1,1,2,3,1,1,2,3,2,1,1,2,2,1,NA,NA,NA,NA,NA,NA,NA,NA,NA,NA,NA,NA,NA,NA,NA,NA,NA,NA,NA,NA,NA,NA,NA,NA,NA,NA,NA,NA,NA,NA,NA,NA,NA,NA,NA,NA,NA,NA,NA,NA,NA,NA,NA,NA,NA,NA,NA,NA,NA,NA,NA,NA,NA,NA,NA,NA,NA,NA,NA,NA,NA,NA,NA,NA,NA,NA,NA,NA,NA,NA,NA,NA,NA,NA,NA,NA,NA,NA,NA
11/4/2014,11/4/2014,1,2,65,1,NA,NA,NA,NA,NA,NA,1,1.391,60.82,180.967,9,NA,1,1,1,30,2,2,2,2,1,1,2,2,2,2,1,2,2,1,2,2,2,1,2,2,2,19,1,NA,1,9,7,4,9,8,4,2,1,NA,NA,NA,NA,NA,NA,NA,NA,NA,NA,NA,NA,NA,NA,NA,NA,NA,NA,NA,NA,NA,NA,NA,NA,NA,NA,NA,NA,NA,NA,NA,NA,NA,NA,NA,NA,NA,NA,NA,4,4,4,3,2,1,2,3,3,4,4,1,3,4,4,4,3,3,2,3,4,2,3,3,2,3,3,3,4,4,3,4,4,3,3,4,4,3,3,3,3,3,2,3,3,3,5,5,5,4,3,3,6,3,4,3,2,2,4,3,3,4,4,4,5,5,5,5,5,6,3,2,2,2,3,5,4,4,1
11/4/2014,11/4/2014,1,2,69,1,NA,NA,NA,NA,NA,NA,1,10.762,151.892,180.996,3,NA,1,1,1,64,2,3,2,2,3,1,2,2,2,3,2,2,2,3,2,2,3,2,1,2,2,18,1,NA,1,8,6,8,7,6,3,2,1,NA,NA,NA,NA,NA,NA,NA,NA,NA,NA,NA,NA,NA,NA,NA,NA,NA,NA,NA,NA,NA,NA,NA,NA,NA,NA,NA,NA,NA,NA,NA,NA,NA,NA,NA,NA,NA,NA,NA,4,3,3,4,4,1,2,3,2,2,3,4,3,4,3,4,2,4,4,3,3,2,4,4,2,3,2,3,4,4,2,4,2,3,2,3,4,2,4,3,4,3,2,3,4,3,2,5,3,4,3,2,3,4,5,2,5,5,4,2,4,2,4,3,5,5,4,5,3,3,4,3,4,4,5,5,5,5,1
11/4/2014,11/4/2014,1,1,68,1,1,1,0,0,180.976,0,NA,NA,NA,NA,NA,1,NA,1,1,44,2,2,3,3,2,1,1,2,1,2,2,2,2,1,2,2,1,1,2,3,2,18,1,1,1,2,9,8,5,8,4,5,1,1,1,pres,1,0,0,6.527,0,2,NA,NA,NA,1,NA,8,89,70,66,4,3,1,2,2,1,1,3,1,3,3,1,1,1,3,3,1,1,3,3,1,NA,NA,NA,NA,NA,NA,NA,NA,NA,NA,NA,NA,NA,NA,NA,NA,NA,NA,NA,NA,NA,NA,NA,NA,NA,NA,NA,NA,NA,NA,NA,NA,NA,NA,NA,NA,NA,NA,NA,NA,NA,NA,NA,NA,NA,NA,NA,NA,NA,NA,NA,NA,NA,NA,NA,NA,NA,NA,NA,NA,NA,NA,NA,NA,NA,NA,NA,NA,NA,NA,NA,NA,NA,NA,NA,NA,NA,NA,NA
11/4/2014,11/4/2014,1,2,70,1,NA,NA,NA,NA,NA,NA,1,6.453,156.821,181.002,8,NA,1,1,1,54,4,2,1,1,2,1,1,2,1,2,3,1,1,2,3,2,1,2,3,3,2,20,1,NA,1,6,6,7,4,8,2,7,1,NA,NA,NA,NA,NA,NA,NA,NA,NA,NA,NA,NA,NA,NA,NA,NA,NA,NA,NA,NA,NA,NA,NA,NA,NA,NA,NA,NA,NA,NA,NA,NA,NA,NA,NA,NA,NA,NA,NA,4,4,3,4,5,1,1,4,4,1,5,3,1,4,4,3,1,4,4,2,1,2,4,2,3,4,1,4,4,4,4,4,5,2,1,5,4,4,3,3,2,3,1,5,2,2,4,4,4,5,3,5,6,4,4,3,5,5,5,5,5,5,5,5,5,4,5,4,5,5,3,5,3,2,2,5,5,4,1
11/4/2014,11/4/2014,1,1,66,1,1,1,0,0,180.992,0,NA,NA,NA,NA,NA,1,NA,1,1,77,3,3,1,2,3,1,1,2,1,3,3,1,1,2,3,3,1,1,3,3,2,20,1,1,1,9,8,8,8,9,6,5,1,1,1,pres,1,0,0,131.493,0,2,NA,NA,1,NA,NA,16,15,30,22,1,3,2,3,3,4,1,2,1,3,2,1,1,1,3,2,1,2,3,3,1,NA,NA,NA,NA,NA,NA,NA,NA,NA,NA,NA,NA,NA,NA,NA,NA,NA,NA,NA,NA,NA,NA,NA,NA,NA,NA,NA,NA,NA,NA,NA,NA,NA,NA,NA,NA,NA,NA,NA,NA,NA,NA,NA,NA,NA,NA,NA,NA,NA,NA,NA,NA,NA,NA,NA,NA,NA,NA,NA,NA,NA,NA,NA,NA,NA,NA,NA,NA,NA,NA,NA,NA,NA,NA,NA,NA,NA,NA,NA
11/4/2014,11/4/2014,1,2,71,1,NA,NA,NA,NA,NA,NA,1,9.71,9.71,181.026,1,NA,1,1,1,75,3,4,1,2,3,1,2,2,1,3,3,2,2,1,4,3,2,1,3,3,2,18,1,NA,1,9,6,7,8,8,2,8,1,NA,NA,NA,NA,NA,NA,NA,NA,NA,NA,NA,NA,NA,NA,NA,NA,NA,NA,NA,NA,NA,NA,NA,NA,NA,NA,NA,NA,NA,NA,NA,NA,NA,NA,NA,NA,NA,NA,NA,4,4,2,4,1,1,2,3,3,1,4,4,3,4,4,4,1,5,2,3,3,2,3,1,2,4,2,4,4,1,4,2,4,3,2,3,4,1,4,4,3,3,3,4,4,3,4,6,3,5,3,4,3,3,2,4,4,4,5,3,2,3,4,5,5,4,5,5,2,3,4,2,3,2,4,5,5,5,1
11/4/2014,11/4/2014,1,1,73,1,1,1,7.497,7.497,180.998,1,NA,NA,NA,NA,NA,1,NA,1,1,25,1,2,3,3,1,2,3,2,3,2,1,3,3,2,1,2,2,2,1,1,2,19,1,1,1,6,9,5,9,9,5,6,1,1,1,pres,1,0,0,153.085,0,2,NA,NA,NA,1,NA,80,26,60,72,3,3,1,1,3,1,2,3,1,3,3,1,1,1,3,3,2,1,3,3,1,NA,NA,NA,NA,NA,NA,NA,NA,NA,NA,NA,NA,NA,NA,NA,NA,NA,NA,NA,NA,NA,NA,NA,NA,NA,NA,NA,NA,NA,NA,NA,NA,NA,NA,NA,NA,NA,NA,NA,NA,NA,NA,NA,NA,NA,NA,NA,NA,NA,NA,NA,NA,NA,NA,NA,NA,NA,NA,NA,NA,NA,NA,NA,NA,NA,NA,NA,NA,NA,NA,NA,NA,NA,NA,NA,NA,NA,NA,NA
11/4/2014,11/4/2014,1,2,67,1,NA,NA,NA,NA,NA,NA,1,0.969,0.969,180.97,1,NA,1,1,1,83,3,3,1,2,4,1,1,3,1,3,3,2,1,2,3,4,1,2,3,3,2,20,1,NA,1,3,8,9,8,7,3,5,1,NA,NA,NA,NA,NA,NA,NA,NA,NA,NA,NA,NA,NA,NA,NA,NA,NA,NA,NA,NA,NA,NA,NA,NA,NA,NA,NA,NA,NA,NA,NA,NA,NA,NA,NA,NA,NA,NA,NA,5,5,2,5,4,1,2,5,4,4,4,3,4,4,4,2,2,3,3,1,2,2,3,1,2,3,3,1,5,4,4,1,4,1,3,3,5,4,2,3,1,4,1,3,4,4,5,6,4,5,2,5,4,4,6,2,2,2,3,4,3,5,5,5,5,6,5,6,3,3,5,5,6,5,5,6,6,4,1
11/4/2014,11/4/2014,1,1,72,1,1,1,0,0,181.016,0,NA,NA,NA,NA,NA,1,NA,1,1,60,3,3,1,1,3,1,1,2,1,3,3,1,1,1,3,3,1,2,3,3,2,18,1,1,1,8,7,8,8,8,2,8,1,1,1,pres,1,0,0,128.3,0,2,NA,NA,NA,NA,1,0,87,63,100,4,4,1,1,4,1,1,3,1,3,4,1,1,1,3,3,1,1,3,3,1,NA,NA,NA,NA,NA,NA,NA,NA,NA,NA,NA,NA,NA,NA,NA,NA,NA,NA,NA,NA,NA,NA,NA,NA,NA,NA,NA,NA,NA,NA,NA,NA,NA,NA,NA,NA,NA,NA,NA,NA,NA,NA,NA,NA,NA,NA,NA,NA,NA,NA,NA,NA,NA,NA,NA,NA,NA,NA,NA,NA,NA,NA,NA,NA,NA,NA,NA,NA,NA,NA,NA,NA,NA,NA,NA,NA,NA,NA,NA
11/4/2014,11/4/2014,1,1,75,1,1,1,0,0,181.007,0,NA,NA,NA,NA,NA,1,NA,1,1,42,1,1,3,3,1,2,2,1,2,3,1,4,4,2,1,1,3,3,1,1,1,18,1,1,1,9,9,7,9,9,4,4,1,1,1,pres,1,0,0,120.85,0,2,NA,NA,1,NA,NA,81,86,72,72,3,3,2,2,3,1,1,3,1,4,3,2,2,2,2,3,2,2,3,3,1,NA,NA,NA,NA,NA,NA,NA,NA,NA,NA,NA,NA,NA,NA,NA,NA,NA,NA,NA,NA,NA,NA,NA,NA,NA,NA,NA,NA,NA,NA,NA,NA,NA,NA,NA,NA,NA,NA,NA,NA,NA,NA,NA,NA,NA,NA,NA,NA,NA,NA,NA,NA,NA,NA,NA,NA,NA,NA,NA,NA,NA,NA,NA,NA,NA,NA,NA,NA,NA,NA,NA,NA,NA,NA,NA,NA,NA,NA,NA
11/4/2014,11/4/2014,1,2,74,1,NA,NA,NA,NA,NA,NA,1,10.2,10.2,180.977,1,NA,1,1,1,94,4,4,1,1,3,1,1,2,1,2,3,1,1,1,3,3,1,1,3,3,2,23,1,NA,1,8,8,9,4,4,1,9,1,NA,NA,NA,NA,NA,NA,NA,NA,NA,NA,NA,NA,NA,NA,NA,NA,NA,NA,NA,NA,NA,NA,NA,NA,NA,NA,NA,NA,NA,NA,NA,NA,NA,NA,NA,NA,NA,NA,NA,3,2,3,4,5,1,1,3,3,2,5,2,2,3,3,3,1,2,4,3,3,1,4,1,4,1,1,3,4,4,2,4,4,3,2,3,3,3,2,4,2,3,1,3,3,2,4,5,4,5,4,5,4,3,1,3,5,5,4,4,4,4,4,3,5,6,6,6,5,5,5,5,4,4,4,6,6,5,1
11/4/2014,11/4/2014,1,1,76,1,1,1,0,0,180.969,0,NA,NA,NA,NA,NA,1,NA,1,1,65,2,3,2,1,2,1,1,2,1,2,2,2,1,1,2,2,1,1,2,2,2,19,1,1,1,8,5,7,7,8,6,9,1,1,1,pres,1,0,0,124.393,0,2,NA,NA,NA,1,NA,88,6,73,56,1,2,3,3,2,1,1,2,1,2,2,2,2,2,1,3,1,1,2,2,1,NA,NA,NA,NA,NA,NA,NA,NA,NA,NA,NA,NA,NA,NA,NA,NA,NA,NA,NA,NA,NA,NA,NA,NA,NA,NA,NA,NA,NA,NA,NA,NA,NA,NA,NA,NA,NA,NA,NA,NA,NA,NA,NA,NA,NA,NA,NA,NA,NA,NA,NA,NA,NA,NA,NA,NA,NA,NA,NA,NA,NA,NA,NA,NA,NA,NA,NA,NA,NA,NA,NA,NA,NA,NA,NA,NA,NA,NA,NA
11/4/2014,11/4/2014,1,2,77,1,NA,NA,NA,NA,NA,NA,1,8.901,8.901,180.999,1,NA,1,1,1,77,3,4,3,1,4,1,1,3,1,3,3,1,1,1,3,4,1,1,3,4,1,21,1,NA,1,9,9,3,4,9,2,8,1,NA,NA,NA,NA,NA,NA,NA,NA,NA,NA,NA,NA,NA,NA,NA,NA,NA,NA,NA,NA,NA,NA,NA,NA,NA,NA,NA,NA,NA,NA,NA,NA,NA,NA,NA,NA,NA,NA,NA,4,4,4,4,4,1,2,4,4,1,4,4,2,3,4,3,1,4,3,2,2,3,4,2,3,3,1,2,4,4,3,4,2,1,3,4,4,4,3,4,2,3,2,5,3,2,3,5,4,5,4,4,5,2,3,4,3,4,5,4,4,4,4,5,5,4,5,5,4,5,5,4,4,4,5,5,5,5,1
11/4/2014,11/4/2014,1,1,78,1,1,1,0,0,180.97,0,NA,NA,NA,NA,NA,1,NA,1,1,85,3,3,2,2,3,2,2,3,1,3,3,1,1,2,3,3,1,1,3,3,1,23,1,1,1,9,2,9,9,7,2,9,1,1,1,pres,1,0,0,211.085,0,2,NA,NA,1,NA,NA,0,91,50,91,3,3,1,1,3,1,1,3,1,3,3,1,1,1,3,3,1,1,3,3,1,NA,NA,NA,NA,NA,NA,NA,NA,NA,NA,NA,NA,NA,NA,NA,NA,NA,NA,NA,NA,NA,NA,NA,NA,NA,NA,NA,NA,NA,NA,NA,NA,NA,NA,NA,NA,NA,NA,NA,NA,NA,NA,NA,NA,NA,NA,NA,NA,NA,NA,NA,NA,NA,NA,NA,NA,NA,NA,NA,NA,NA,NA,NA,NA,NA,NA,NA,NA,NA,NA,NA,NA,NA,NA,NA,NA,NA,NA,NA
11/5/2014,11/5/2014,1,1,81,1,1,1,0,0,181.016,0,NA,NA,NA,NA,NA,1,NA,1,1,27,3,2,3,3,2,3,3,1,1,2,2,2,2,2,2,1,2,1,1,1,2,17,1,1,1,7,8,9,6,9,5,3,1,1,1,PRES,1,0,0,115.318,0,2,NA,1,NA,NA,NA,100,0,46,11,1,2,2,3,1,2,3,1,1,1,2,3,3,2,1,1,2,1,1,1,1,NA,NA,NA,NA,NA,NA,NA,NA,NA,NA,NA,NA,NA,NA,NA,NA,NA,NA,NA,NA,NA,NA,NA,NA,NA,NA,NA,NA,NA,NA,NA,NA,NA,NA,NA,NA,NA,NA,NA,NA,NA,NA,NA,NA,NA,NA,NA,NA,NA,NA,NA,NA,NA,NA,NA,NA,NA,NA,NA,NA,NA,NA,NA,NA,NA,NA,NA,NA,NA,NA,NA,NA,NA,NA,NA,NA,NA,NA,NA
11/5/2014,11/5/2014,1,2,79,1,NA,NA,NA,NA,NA,NA,1,6.499,133.671,181.008,6,NA,1,1,1,47,2,3,2,2,2,2,3,2,1,2,2,1,1,1,2,2,2,1,2,2,2,18,1,NA,1,7,9,6,7,8,4,4,1,NA,NA,NA,NA,NA,NA,NA,NA,NA,NA,NA,NA,NA,NA,NA,NA,NA,NA,NA,NA,NA,NA,NA,NA,NA,NA,NA,NA,NA,NA,NA,NA,NA,NA,NA,NA,NA,NA,NA,4,2,3,2,4,1,3,3,2,3,2,3,2,4,3,2,3,4,3,2,4,2,2,2,2,2,3,2,2,2,4,3,4,2,2,3,3,2,2,3,2,2,2,2,2,3,3,4,3,3,3,2,3,4,5,2,3,3,4,3,3,3,2,3,3,4,3,4,2,2,2,2,2,2,3,4,3,3,1
11/5/2014,11/5/2014,1,1,80,1,1,1,0,0,180.967,0,NA,NA,NA,NA,NA,1,NA,1,1,47,2,3,2,2,2,1,1,2,1,2,2,2,2,1,2,3,2,1,2,2,2,19,1,1,1,7,5,4,7,6,2,7,1,1,1,pres,1,0,0,154.578,0,2,NA,NA,NA,1,NA,45,46,59,56,3,3,2,2,3,1,1,3,1,3,3,1,1,1,3,2,2,1,3,3,1,NA,NA,NA,NA,NA,NA,NA,NA,NA,NA,NA,NA,NA,NA,NA,NA,NA,NA,NA,NA,NA,NA,NA,NA,NA,NA,NA,NA,NA,NA,NA,NA,NA,NA,NA,NA,NA,NA,NA,NA,NA,NA,NA,NA,NA,NA,NA,NA,NA,NA,NA,NA,NA,NA,NA,NA,NA,NA,NA,NA,NA,NA,NA,NA,NA,NA,NA,NA,NA,NA,NA,NA,NA,NA,NA,NA,NA,NA,NA
11/5/2014,11/5/2014,1,2,82,1,NA,NA,NA,NA,NA,NA,1,7.09,157.838,180.97,4,NA,1,1,1,49,3,3,2,2,2,1,1,1,1,2,1,2,2,1,1,2,2,1,2,2,2,19,1,NA,1,8,8,7,7,8,4,8,1,NA,NA,NA,NA,NA,NA,NA,NA,NA,NA,NA,NA,NA,NA,NA,NA,NA,NA,NA,NA,NA,NA,NA,NA,NA,NA,NA,NA,NA,NA,NA,NA,NA,NA,NA,NA,NA,NA,NA,4,2,2,4,4,1,2,3,4,3,4,4,2,3,3,3,2,3,3,3,2,3,4,2,3,3,4,4,4,4,2,4,3,2,2,4,3,3,3,4,2,2,3,3,2,2,4,5,5,3,4,4,5,2,2,5,5,3,4,3,4,4,4,5,2,5,5,5,4,3,5,3,3,3,3,4,4,4,1
11/5/2014,11/5/2014,1,1,84,1,1,1,1.062,1.062,180.998,1,NA,NA,NA,NA,NA,1,NA,1,1,21,1,2,3,2,2,3,3,2,2,1,2,3,3,2,2,2,2,2,2,2,2,19,1,1,1,5,9,4,5,7,3,4,1,1,1,pres,1,0,0,129.566,0,2,NA,NA,1,NA,NA,67,67,70,48,3,4,2,1,2,2,1,2,1,3,2,2,2,1,2,2,1,1,3,3,1,NA,NA,NA,NA,NA,NA,NA,NA,NA,NA,NA,NA,NA,NA,NA,NA,NA,NA,NA,NA,NA,NA,NA,NA,NA,NA,NA,NA,NA,NA,NA,NA,NA,NA,NA,NA,NA,NA,NA,NA,NA,NA,NA,NA,NA,NA,NA,NA,NA,NA,NA,NA,NA,NA,NA,NA,NA,NA,NA,NA,NA,NA,NA,NA,NA,NA,NA,NA,NA,NA,NA,NA,NA,NA,NA,NA,NA,NA,NA
11/5/2014,11/5/2014,1,2,85,1,NA,NA,NA,NA,NA,NA,1,10.018,10.911,180.966,2,NA,1,1,1,54,3,3,2,4,2,4,2,3,2,2,3,4,4,2,3,3,2,2,1,2,1,18,1,NA,1,9,8,9,5,9,2,7,1,NA,NA,NA,NA,NA,NA,NA,NA,NA,NA,NA,NA,NA,NA,NA,NA,NA,NA,NA,NA,NA,NA,NA,NA,NA,NA,NA,NA,NA,NA,NA,NA,NA,NA,NA,NA,NA,NA,NA,5,5,4,4,2,1,1,4,4,2,5,2,2,5,4,4,1,3,5,2,1,NA,5,2,4,3,1,4,5,3,4,2,5,1,2,5,5,3,4,4,2,3,1,5,2,2,5,5,3,4,3,2,5,3,3,2,2,3,5,4,5,6,3,5,4,5,5,6,6,5,4,5,3,2,3,5,5,5,1
11/5/2014,11/5/2014,1,1,86,1,1,1,0,0,181.002,0,NA,NA,NA,NA,NA,1,NA,1,1,81,4,3,2,2,2,1,2,3,1,3,3,2,2,1,3,3,2,2,3,3,2,23,1,1,1,8,8,7,9,9,7,8,1,1,1,pres,1,0,0,109.61,0,2,NA,NA,NA,1,NA,55,53,59,62,2,2,2,2,3,2,2,2,1,2,3,1,1,1,3,2,2,2,3,2,1,NA,NA,NA,NA,NA,NA,NA,NA,NA,NA,NA,NA,NA,NA,NA,NA,NA,NA,NA,NA,NA,NA,NA,NA,NA,NA,NA,NA,NA,NA,NA,NA,NA,NA,NA,NA,NA,NA,NA,NA,NA,NA,NA,NA,NA,NA,NA,NA,NA,NA,NA,NA,NA,NA,NA,NA,NA,NA,NA,NA,NA,NA,NA,NA,NA,NA,NA,NA,NA,NA,NA,NA,NA,NA,NA,NA,NA,NA,NA
11/5/2014,11/5/2014,1,2,83,1,NA,NA,NA,NA,NA,NA,1,13.393,13.393,181.01,1,NA,1,1,1,50,2,3,3,3,2,2,1,2,1,2,2,2,2,1,1,2,2,2,2,1,1,22,1,NA,1,9,3,9,5,9,2,5,1,NA,NA,NA,NA,NA,NA,NA,NA,NA,NA,NA,NA,NA,NA,NA,NA,NA,NA,NA,NA,NA,NA,NA,NA,NA,NA,NA,NA,NA,NA,NA,NA,NA,NA,NA,NA,NA,NA,NA,2,5,3,3,3,1,2,4,3,2,4,3,2,4,3,3,2,5,4,2,4,1,2,NA,3,3,2,3,5,1,3,5,5,3,2,4,4,3,4,4,2,4,2,3,2,3,4,5,5,5,5,3,4,1,2,5,2,5,6,5,4,3,5,4,5,5,4,5,4,5,4,3,4,2,4,5,5,5,1
11/5/2014,11/5/2014,1,2,89,1,NA,NA,NA,NA,NA,NA,1,5.488,5.488,181,1,NA,1,1,1,45,2,2,3,3,2,2,3,2,2,2,2,1,2,1,3,3,2,2,2,3,2,18,1,NA,1,6,8,3,9,9,5,6,1,NA,NA,NA,NA,NA,NA,NA,NA,NA,NA,NA,NA,NA,NA,NA,NA,NA,NA,NA,NA,NA,NA,NA,NA,NA,NA,NA,NA,NA,NA,NA,NA,NA,NA,NA,NA,NA,NA,NA,5,5,1,3,4,1,2,3,3,1,5,3,2,3,3,3,3,NA,2,2,2,3,2,2,2,2,2,4,3,4,4,2,4,2,3,4,4,1,4,4,2,2,1,4,5,1,5,5,5,5,1,5,5,4,4,2,5,5,5,5,5,5,5,5,5,5,5,5,5,3,5,5,5,5,5,5,5,5,1
11/5/2014,11/5/2014,1,1,88,1,1,1,0,0,181.012,0,NA,NA,NA,NA,NA,1,NA,1,1,77,3,2,2,4,3,3,4,1,2,3,2,1,2,1,2,2,3,3,2,2,2,18,1,1,1,9,9,9,9,9,1,9,1,1,1,pres,1,0,0,159.387,0,2,NA,NA,NA,1,NA,5,76,79,83,2,2,2,1,3,3,2,4,3,3,2,3,3,2,2,3,2,3,3,3,1,NA,NA,NA,NA,NA,NA,NA,NA,NA,NA,NA,NA,NA,NA,NA,NA,NA,NA,NA,NA,NA,NA,NA,NA,NA,NA,NA,NA,NA,NA,NA,NA,NA,NA,NA,NA,NA,NA,NA,NA,NA,NA,NA,NA,NA,NA,NA,NA,NA,NA,NA,NA,NA,NA,NA,NA,NA,NA,NA,NA,NA,NA,NA,NA,NA,NA,NA,NA,NA,NA,NA,NA,NA,NA,NA,NA,NA,NA,NA
11/5/2014,11/5/2014,1,2,87,1,NA,NA,NA,NA,NA,NA,1,8.511,8.511,180.997,1,NA,1,1,1,79,2,4,2,2,3,1,1,3,1,3,3,2,1,1,2,3,2,1,2,3,2,19,1,NA,1,9,6,7,6,8,3,4,1,NA,NA,NA,NA,NA,NA,NA,NA,NA,NA,NA,NA,NA,NA,NA,NA,NA,NA,NA,NA,NA,NA,NA,NA,NA,NA,NA,NA,NA,NA,NA,NA,NA,NA,NA,NA,NA,NA,NA,2,3,3,4,4,1,2,4,4,3,4,4,3,4,3,5,3,4,3,1,3,2,3,3,2,2,2,2,5,5,2,3,4,2,2,2,4,2,4,3,2,3,2,3,2,4,4,5,3,4,5,4,5,3,3,5,3,3,3,3,4,3,3,4,4,5,5,5,4,3,3,3,4,3,5,5,5,5,1
11/5/2014,11/5/2014,1,1,92,1,1,1,0,0,180.978,0,NA,NA,NA,NA,NA,1,NA,1,1,75,3,3,2,1,3,1,4,2,2,3,3,1,1,4,2,2,3,3,2,2,2,20,1,1,1,1,9,7,6,8,5,5,1,1,1,pres,1,0,0,217.796,0,2,NA,NA,NA,NA,1,18,86,49,82,3,3,2,1,3,1,4,2,1,2,3,1,1,4,2,2,3,3,2,3,1,NA,NA,NA,NA,NA,NA,NA,NA,NA,NA,NA,NA,NA,NA,NA,NA,NA,NA,NA,NA,NA,NA,NA,NA,NA,NA,NA,NA,NA,NA,NA,NA,NA,NA,NA,NA,NA,NA,NA,NA,NA,NA,NA,NA,NA,NA,NA,NA,NA,NA,NA,NA,NA,NA,NA,NA,NA,NA,NA,NA,NA,NA,NA,NA,NA,NA,NA,NA,NA,NA,NA,NA,NA,NA,NA,NA,NA,NA,NA
11/5/2014,11/5/2014,1,1,95,1,1,1,0,0,181.009,0,NA,NA,NA,NA,NA,1,NA,1,1,39,1,2,3,3,2,3,3,2,3,2,2,3,3,3,2,2,3,3,2,2,2,22,1,1,1,9,8,7,8,8,3,7,1,1,1,pres,1,0,0,98.962,0,2,NA,NA,NA,1,NA,79,40,68,56,2,2,3,2,2,3,3,2,2,3,3,2,2,2,2,3,2,2,3,3,1,NA,NA,NA,NA,NA,NA,NA,NA,NA,NA,NA,NA,NA,NA,NA,NA,NA,NA,NA,NA,NA,NA,NA,NA,NA,NA,NA,NA,NA,NA,NA,NA,NA,NA,NA,NA,NA,NA,NA,NA,NA,NA,NA,NA,NA,NA,NA,NA,NA,NA,NA,NA,NA,NA,NA,NA,NA,NA,NA,NA,NA,NA,NA,NA,NA,NA,NA,NA,NA,NA,NA,NA,NA,NA,NA,NA,NA,NA,NA
11/5/2014,11/5/2014,1,2,90,1,NA,NA,NA,NA,NA,NA,1,10.825,111.008,180.996,8,NA,1,1,1,81,3,3,2,1,3,2,2,3,2,3,3,2,2,1,3,3,2,2,3,3,2,22,1,NA,1,9,9,7,9,9,3,9,1,NA,NA,NA,NA,NA,NA,NA,NA,NA,NA,NA,NA,NA,NA,NA,NA,NA,NA,NA,NA,NA,NA,NA,NA,NA,NA,NA,NA,NA,NA,NA,NA,NA,NA,NA,NA,NA,NA,NA,5,5,4,5,5,1,1,3,2,2,4,3,2,4,2,4,2,4,4,1,2,3,4,3,2,3,2,4,3,2,3,4,4,3,2,4,4,4,3,4,3,3,2,3,2,2,5,5,4,5,2,4,4,5,2,5,5,5,4,3,4,3,5,5,5,5,5,5,4,5,4,4,5,5,4,5,5,5,1
11/5/2014,11/5/2014,1,1,93,1,1,1,0,0,180.98,0,NA,NA,NA,NA,NA,1,NA,1,1,47,2,2,2,2,2,2,1,2,2,2,3,2,2,3,3,2,1,2,2,2,2,24,1,1,1,2,9,4,9,9,2,3,1,1,1,pres,1,0,0,173.345,0,2,NA,NA,NA,NA,1,3,100,100,100,3,3,3,1,3,1,1,4,1,3,3,1,1,1,3,3,1,1,3,3,1,NA,NA,NA,NA,NA,NA,NA,NA,NA,NA,NA,NA,NA,NA,NA,NA,NA,NA,NA,NA,NA,NA,NA,NA,NA,NA,NA,NA,NA,NA,NA,NA,NA,NA,NA,NA,NA,NA,NA,NA,NA,NA,NA,NA,NA,NA,NA,NA,NA,NA,NA,NA,NA,NA,NA,NA,NA,NA,NA,NA,NA,NA,NA,NA,NA,NA,NA,NA,NA,NA,NA,NA,NA,NA,NA,NA,NA,NA,NA
11/5/2014,11/5/2014,1,2,91,1,NA,NA,NA,NA,NA,NA,1,7.843,168.319,181.003,3,NA,1,1,1,62,2,2,2,1,2,1,1,2,1,2,2,2,2,1,2,3,3,2,2,2,2,18,1,NA,1,4,6,3,7,3,1,6,1,NA,NA,NA,NA,NA,NA,NA,NA,NA,NA,NA,NA,NA,NA,NA,NA,NA,NA,NA,NA,NA,NA,NA,NA,NA,NA,NA,NA,NA,NA,NA,NA,NA,NA,NA,NA,NA,NA,NA,4,3,3,4,4,1,1,3,3,2,4,4,2,3,4,3,1,4,4,2,2,2,3,1,3,2,2,3,4,4,3,2,4,3,2,4,3,2,3,3,4,3,2,3,4,2,2,5,2,5,3,2,3,5,5,1,4,2,3,3,2,2,3,5,4,5,5,5,3,5,5,4,4,2,3,4,5,5,1
11/5/2014,11/5/2014,1,2,94,1,NA,NA,NA,NA,NA,NA,1,7.663,141.11,181.009,4,NA,1,1,1,66,3,3,2,2,2,1,2,2,1,3,3,2,2,1,3,2,2,1,2,3,1,18,1,NA,1,9,7,5,3,8,2,8,1,NA,NA,NA,NA,NA,NA,NA,NA,NA,NA,NA,NA,NA,NA,NA,NA,NA,NA,NA,NA,NA,NA,NA,NA,NA,NA,NA,NA,NA,NA,NA,NA,NA,NA,NA,NA,NA,NA,NA,2,4,2,5,2,1,2,2,2,4,3,4,4,3,2,2,2,5,2,4,3,4,4,3,1,4,2,5,4,2,2,4,2,4,2,3,4,2,4,4,3,2,4,3,4,4,5,5,6,2,3,4,5,2,3,5,5,3,5,3,5,3,5,4,5,6,4,6,2,3,4,4,5,2,5,5,5,5,1
11/5/2014,11/5/2014,1,1,96,1,1,1,0,0,180.971,0,NA,NA,NA,NA,NA,1,NA,1,1,80,2,3,4,3,2,1,2,2,2,3,1,3,3,2,2,2,3,3,2,3,2,19,1,1,1,2,9,4,7,2,1,3,1,1,1,pres,1,0,0,128.316,0,2,NA,NA,1,NA,NA,92,59,81,69,3,3,3,2,2,1,1,3,2,3,2,3,2,1,2,2,3,2,3,3,1,NA,NA,NA,NA,NA,NA,NA,NA,NA,NA,NA,NA,NA,NA,NA,NA,NA,NA,NA,NA,NA,NA,NA,NA,NA,NA,NA,NA,NA,NA,NA,NA,NA,NA,NA,NA,NA,NA,NA,NA,NA,NA,NA,NA,NA,NA,NA,NA,NA,NA,NA,NA,NA,NA,NA,NA,NA,NA,NA,NA,NA,NA,NA,NA,NA,NA,NA,NA,NA,NA,NA,NA,NA,NA,NA,NA,NA,NA,NA
11/5/2014,11/5/2014,1,2,98,1,NA,NA,NA,NA,NA,NA,1,1.552,10.031,180.967,2,NA,1,1,1,81,4,3,1,1,3,1,1,3,1,3,3,1,1,1,3,3,1,1,3,3,2,18,1,NA,1,8,9,6,7,6,3,4,1,NA,NA,NA,NA,NA,NA,NA,NA,NA,NA,NA,NA,NA,NA,NA,NA,NA,NA,NA,NA,NA,NA,NA,NA,NA,NA,NA,NA,NA,NA,NA,NA,NA,NA,NA,NA,NA,NA,NA,4,4,4,4,4,1,4,4,3,3,4,4,4,4,3,4,3,4,4,2,4,2,3,2,3,2,2,2,4,2,4,2,4,1,3,4,4,2,4,4,2,2,2,3,3,4,5,5,5,5,2,3,4,2,2,2,5,5,5,2,4,4,5,5,5,5,5,5,5,5,4,4,3,4,5,5,5,5,1
11/5/2014,11/5/2014,1,1,97,1,1,1,0,0,180.971,0,NA,NA,NA,NA,NA,1,NA,1,1,43,1,3,2,2,2,1,2,3,2,2,2,3,3,1,2,3,2,1,3,2,2,18,1,1,1,7,9,8,7,3,5,4,1,1,1,pres,1,0,0,156.884,0,2,NA,NA,NA,1,NA,47,67,68,74,3,3,1,2,3,1,1,3,1,3,3,1,1,1,2,3,2,1,3,3,1,NA,NA,NA,NA,NA,NA,NA,NA,NA,NA,NA,NA,NA,NA,NA,NA,NA,NA,NA,NA,NA,NA,NA,NA,NA,NA,NA,NA,NA,NA,NA,NA,NA,NA,NA,NA,NA,NA,NA,NA,NA,NA,NA,NA,NA,NA,NA,NA,NA,NA,NA,NA,NA,NA,NA,NA,NA,NA,NA,NA,NA,NA,NA,NA,NA,NA,NA,NA,NA,NA,NA,NA,NA,NA,NA,NA,NA,NA,NA
11/5/2014,11/5/2014,1,2,106,1,NA,NA,NA,NA,NA,NA,1,55.885,55.885,180.988,1,NA,1,1,1,83,3,3,1,1,4,1,1,3,1,3,3,1,1,1,4,4,1,1,3,3,2,19,1,NA,1,9,5,7,3,9,2,2,1,NA,NA,NA,NA,NA,NA,NA,NA,NA,NA,NA,NA,NA,NA,NA,NA,NA,NA,NA,NA,NA,NA,NA,NA,NA,NA,NA,NA,NA,NA,NA,NA,NA,NA,NA,NA,NA,NA,NA,3,4,1,1,5,1,2,5,4,2,4,5,2,4,4,4,3,4,4,2,3,2,4,1,4,2,1,2,4,5,4,2,4,2,2,4,2,4,4,4,4,2,2,4,4,3,5,5,5,5,5,6,5,2,5,5,5,5,5,4,2,5,3,6,6,5,5,5,3,5,5,5,3,5,5,3,3,3,1
11/5/2014,11/5/2014,1,1,100,1,1,1,0,0,180.998,0,NA,NA,NA,NA,NA,1,NA,1,1,69,3,3,1,3,4,1,1,4,1,3,4,1,1,3,3,3,1,1,3,4,2,22,1,1,1,9,8,9,9,7,5,9,1,1,1,pres,1,0,0,223.94,0,2,NA,NA,NA,1,NA,87,26,59,78,4,4,1,2,4,1,1,3,1,4,4,1,1,1,3,4,1,1,3,4,1,NA,NA,NA,NA,NA,NA,NA,NA,NA,NA,NA,NA,NA,NA,NA,NA,NA,NA,NA,NA,NA,NA,NA,NA,NA,NA,NA,NA,NA,NA,NA,NA,NA,NA,NA,NA,NA,NA,NA,NA,NA,NA,NA,NA,NA,NA,NA,NA,NA,NA,NA,NA,NA,NA,NA,NA,NA,NA,NA,NA,NA,NA,NA,NA,NA,NA,NA,NA,NA,NA,NA,NA,NA,NA,NA,NA,NA,NA,NA
11/5/2014,11/5/2014,1,1,99,1,1,1,0,0,180.97,0,NA,NA,NA,NA,NA,1,NA,1,1,20,2,4,2,2,2,3,3,1,1,2,2,3,3,2,1,2,3,2,1,2,2,18,1,1,1,8,9,9,6,9,2,7,1,1,1,pres,1,0,0,110.343,0,2,NA,NA,NA,1,NA,87,25,89,28,3,4,2,2,2,2,3,2,2,2,2,2,2,3,2,2,3,2,1,2,1,NA,NA,NA,NA,NA,NA,NA,NA,NA,NA,NA,NA,NA,NA,NA,NA,NA,NA,NA,NA,NA,NA,NA,NA,NA,NA,NA,NA,NA,NA,NA,NA,NA,NA,NA,NA,NA,NA,NA,NA,NA,NA,NA,NA,NA,NA,NA,NA,NA,NA,NA,NA,NA,NA,NA,NA,NA,NA,NA,NA,NA,NA,NA,NA,NA,NA,NA,NA,NA,NA,NA,NA,NA,NA,NA,NA,NA,NA,NA
11/5/2014,11/5/2014,1,1,102,1,1,1,0,0,181.005,0,NA,NA,NA,NA,NA,1,NA,1,1,24,2,3,3,2,2,1,3,1,2,2,2,3,3,2,1,2,3,1,2,2,2,18,1,1,1,6,7,6,7,4,4,7,1,1,1,pres,1,0,0,132.702,0,2,NA,NA,1,1,NA,75,15,62,39,3,3,2,2,3,1,2,3,2,3,3,1,1,1,3,2,2,1,2,2,1,NA,NA,NA,NA,NA,NA,NA,NA,NA,NA,NA,NA,NA,NA,NA,NA,NA,NA,NA,NA,NA,NA,NA,NA,NA,NA,NA,NA,NA,NA,NA,NA,NA,NA,NA,NA,NA,NA,NA,NA,NA,NA,NA,NA,NA,NA,NA,NA,NA,NA,NA,NA,NA,NA,NA,NA,NA,NA,NA,NA,NA,NA,NA,NA,NA,NA,NA,NA,NA,NA,NA,NA,NA,NA,NA,NA,NA,NA,NA
11/5/2014,11/5/2014,1,2,105,1,NA,NA,NA,NA,NA,NA,1,6.54,137.186,180.966,2,NA,1,1,1,93,4,4,1,1,3,1,1,4,1,4,4,1,1,2,4,4,1,2,4,4,2,21,1,NA,1,9,4,8,4,8,2,9,1,NA,NA,NA,NA,NA,NA,NA,NA,NA,NA,NA,NA,NA,NA,NA,NA,NA,NA,NA,NA,NA,NA,NA,NA,NA,NA,NA,NA,NA,NA,NA,NA,NA,NA,NA,NA,NA,NA,NA,4,3,4,4,3,1,1,4,4,2,4,4,2,4,4,4,1,4,2,3,1,3,1,2,3,2,1,2,5,2,3,2,4,2,1,3,3,2,4,3,2,3,1,2,2,2,4,5,4,5,4,4,3,4,3,5,4,3,5,4,5,3,4,4,3,4,5,5,3,4,5,3,4,3,4,6,5,5,1
11/5/2014,11/5/2014,1,2,104,1,NA,NA,NA,NA,NA,NA,1,12.872,172.857,180.996,5,NA,1,1,1,52,4,3,2,1,3,1,1,2,1,2,3,1,1,2,3,3,1,2,2,3,2,19,1,NA,1,6,8,9,8,8,3,7,1,NA,NA,NA,NA,NA,NA,NA,NA,NA,NA,NA,NA,NA,NA,NA,NA,NA,NA,NA,NA,NA,NA,NA,NA,NA,NA,NA,NA,NA,NA,NA,NA,NA,NA,NA,NA,NA,NA,NA,3,4,3,4,3,1,2,3,4,2,4,3,2,4,4,3,2,4,3,2,2,3,3,2,3,3,2,4,4,3,3,3,4,3,2,4,3,3,3,4,3,3,2,3,3,2,2,5,3,4,5,5,5,4,4,3,3,3,3,3,3,2,3,4,3,4,4,3,3,2,2,2,2,2,2,4,3,3,1
11/5/2014,11/5/2014,1,2,101,1,NA,NA,NA,NA,NA,NA,1,2.418,65.35,180.99,4,NA,1,1,1,60,3,4,1,1,4,1,2,1,1,3,3,1,1,1,4,4,1,1,3,3,2,19,1,NA,1,9,5,6,7,7,4,5,1,NA,NA,NA,NA,NA,NA,NA,NA,NA,NA,NA,NA,NA,NA,NA,NA,NA,NA,NA,NA,NA,NA,NA,NA,NA,NA,NA,NA,NA,NA,NA,NA,NA,NA,NA,NA,NA,NA,NA,4,4,4,3,2,1,1,4,4,3,4,4,4,4,4,3,1,4,4,4,3,2,4,3,4,3,2,3,4,1,1,3,4,2,2,2,4,4,3,2,2,3,3,4,2,2,6,5,5,4,6,5,4,3,5,6,5,5,5,5,5,4,5,5,5,5,5,5,2,5,4,5,5,3,5,4,5,5,1
11/5/2014,11/5/2014,1,1,103,1,1,1,0,0,180.999,0,NA,NA,NA,NA,NA,1,NA,1,1,46,3,3,2,2,3,1,1,3,1,3,2,1,1,2,1,3,2,2,2,3,2,20,1,1,1,9,7,8,7,8,2,8,1,1,1,pres,1,0,0,149.694,0,2,NA,NA,NA,1,NA,65,29,57,58,2,3,2,2,2,1,1,3,1,2,3,2,2,1,1,3,2,2,2,3,1,NA,NA,NA,NA,NA,NA,NA,NA,NA,NA,NA,NA,NA,NA,NA,NA,NA,NA,NA,NA,NA,NA,NA,NA,NA,NA,NA,NA,NA,NA,NA,NA,NA,NA,NA,NA,NA,NA,NA,NA,NA,NA,NA,NA,NA,NA,NA,NA,NA,NA,NA,NA,NA,NA,NA,NA,NA,NA,NA,NA,NA,NA,NA,NA,NA,NA,NA,NA,NA,NA,NA,NA,NA,NA,NA,NA,NA,NA,NA
11/5/2014,11/5/2014,1,1,107,1,1,1,0,0,181.007,0,NA,NA,NA,NA,NA,1,NA,1,1,67,2,3,2,2,2,2,3,1,2,2,2,2,2,2,2,2,2,2,3,3,1,31,1,1,1,9,9,9,6,9,5,9,1,1,1,pres,1,0,0,424.281,0,1,NA,1,NA,NA,NA,24,83,100,99,3,3,2,1,3,1,2,1,1,2,3,1,1,1,3,3,2,1,2,2,1,NA,NA,NA,NA,NA,NA,NA,NA,NA,NA,NA,NA,NA,NA,NA,NA,NA,NA,NA,NA,NA,NA,NA,NA,NA,NA,NA,NA,NA,NA,NA,NA,NA,NA,NA,NA,NA,NA,NA,NA,NA,NA,NA,NA,NA,NA,NA,NA,NA,NA,NA,NA,NA,NA,NA,NA,NA,NA,NA,NA,NA,NA,NA,NA,NA,NA,NA,NA,NA,NA,NA,NA,NA,NA,NA,NA,NA,NA,NA
11/5/2014,11/5/2014,1,2,111,1,NA,NA,NA,NA,NA,NA,1,2.143,98.038,180.996,2,NA,1,1,1,48,3,3,1,3,3,1,1,3,1,3,3,2,2,1,3,3,1,1,3,3,2,20,1,NA,1,9,9,8,6,9,8,3,1,NA,NA,NA,NA,NA,NA,NA,NA,NA,NA,NA,NA,NA,NA,NA,NA,NA,NA,NA,NA,NA,NA,NA,NA,NA,NA,NA,NA,NA,NA,NA,NA,NA,NA,NA,NA,NA,NA,NA,2,4,3,4,4,1,4,2,3,4,4,4,4,3,4,4,2,1,2,3,3,2,3,4,4,3,3,3,3,2,3,3,2,3,2,4,3,2,3,2,4,NA,3,2,3,3,5,5,5,5,2,4,4,2,2,2,3,3,5,5,5,5,4,4,3,4,4,3,4,4,3,3,4,3,4,3,3,4,1
11/5/2014,11/5/2014,1,2,112,1,NA,NA,NA,NA,NA,NA,1,1.684,1.684,180.967,1,NA,1,1,1,34,2,2,3,4,2,2,1,2,1,2,2,2,1,3,1,1,3,3,1,2,1,20,1,NA,1,1,9,1,1,9,1,7,1,NA,NA,NA,NA,NA,NA,NA,NA,NA,NA,NA,NA,NA,NA,NA,NA,NA,NA,NA,NA,NA,NA,NA,NA,NA,NA,NA,NA,NA,NA,NA,NA,NA,NA,NA,NA,NA,NA,NA,5,4,2,4,5,1,1,4,4,1,5,4,1,1,3,2,1,3,1,1,1,2,5,4,5,1,1,2,5,5,3,4,5,2,3,4,5,5,4,4,2,1,5,5,3,1,5,3,3,5,5,5,6,1,1,5,6,6,6,6,6,6,5,5,5,5,5,5,6,4,6,6,4,4,3,1,2,2,1
11/5/2014,11/5/2014,1,1,109,1,1,1,0,0,180.97,0,NA,NA,NA,NA,NA,1,NA,1,1,22,1,2,4,4,2,3,2,2,2,1,1,4,4,3,1,2,3,3,1,2,2,18,1,1,1,8,9,9,7,9,4,7,1,1,1,pres,1,0,0,140.808,0,2,NA,1,NA,NA,NA,88,12,78,69,3,3,1,1,3,1,1,2,1,3,3,1,1,1,4,3,1,1,3,3,1,NA,NA,NA,NA,NA,NA,NA,NA,NA,NA,NA,NA,NA,NA,NA,NA,NA,NA,NA,NA,NA,NA,NA,NA,NA,NA,NA,NA,NA,NA,NA,NA,NA,NA,NA,NA,NA,NA,NA,NA,NA,NA,NA,NA,NA,NA,NA,NA,NA,NA,NA,NA,NA,NA,NA,NA,NA,NA,NA,NA,NA,NA,NA,NA,NA,NA,NA,NA,NA,NA,NA,NA,NA,NA,NA,NA,NA,NA,NA
11/5/2014,11/5/2014,1,1,110,1,1,1,0,0,180.968,0,NA,NA,NA,NA,NA,1,NA,1,1,44,2,2,3,3,1,2,2,1,2,2,2,2,2,1,2,2,2,2,3,1,1,19,1,1,1,9,7,5,6,8,4,2,1,1,1,pres,1,0,0,117.907,0,2,NA,NA,NA,1,NA,76,76,91,72,3,3,2,2,3,1,1,3,1,3,3,2,1,1,1,3,1,3,1,3,1,NA,NA,NA,NA,NA,NA,NA,NA,NA,NA,NA,NA,NA,NA,NA,NA,NA,NA,NA,NA,NA,NA,NA,NA,NA,NA,NA,NA,NA,NA,NA,NA,NA,NA,NA,NA,NA,NA,NA,NA,NA,NA,NA,NA,NA,NA,NA,NA,NA,NA,NA,NA,NA,NA,NA,NA,NA,NA,NA,NA,NA,NA,NA,NA,NA,NA,NA,NA,NA,NA,NA,NA,NA,NA,NA,NA,NA,NA,NA
11/5/2014,11/5/2014,1,2,108,1,NA,NA,NA,NA,NA,NA,1,12.742,12.742,180.998,1,NA,1,1,1,65,4,3,1,1,2,1,2,2,1,3,3,1,1,2,2,2,2,1,2,2,1,19,1,NA,1,6,8,3,7,8,1,7,1,NA,NA,NA,NA,NA,NA,NA,NA,NA,NA,NA,NA,NA,NA,NA,NA,NA,NA,NA,NA,NA,NA,NA,NA,NA,NA,NA,NA,NA,NA,NA,NA,NA,NA,NA,NA,NA,NA,NA,2,4,3,5,4,1,1,3,2,2,4,3,2,3,4,3,1,1,3,2,1,3,3,3,3,4,1,5,4,2,4,3,5,4,2,4,2,4,4,4,3,2,3,4,3,2,2,4,2,5,3,6,4,1,2,5,6,5,5,5,5,5,5,4,2,4,4,5,5,3,5,3,3,2,2,4,4,4,1
11/5/2014,11/5/2014,1,2,113,1,NA,NA,NA,NA,NA,NA,1,1.296,1.296,181,1,NA,1,1,1,37,3,3,1,3,2,1,1,1,1,2,3,1,1,1,3,2,1,1,2,3,2,22,1,NA,1,6,1,5,6,6,4,7,1,NA,NA,NA,NA,NA,NA,NA,NA,NA,NA,NA,NA,NA,NA,NA,NA,NA,NA,NA,NA,NA,NA,NA,NA,NA,NA,NA,NA,NA,NA,NA,NA,NA,NA,NA,NA,NA,NA,NA,4,1,2,5,4,1,3,5,4,2,4,5,3,4,4,4,2,3,5,1,3,2,4,1,4,1,3,3,5,2,3,2,3,3,2,3,4,4,2,4,1,4,1,4,4,2,5,5,5,4,3,4,3,3,4,5,4,5,5,3,5,2,5,6,4,6,4,5,3,5,4,5,2,3,4,4,5,4,1
11/5/2014,11/5/2014,1,1,115,1,1,1,0,0,180.967,0,NA,NA,NA,NA,NA,1,NA,1,1,78,3,3,2,1,3,1,1,2,1,3,3,2,2,1,2,3,1,1,2,2,1,24,1,1,1,1,6,5,8,5,3,7,1,1,1,pres,1,0,0,112.01,0,2,NA,NA,NA,1,1,18,76,75,79,3,3,2,1,2,1,1,2,1,2,2,2,1,1,2,3,1,1,2,2,1,NA,NA,NA,NA,NA,NA,NA,NA,NA,NA,NA,NA,NA,NA,NA,NA,NA,NA,NA,NA,NA,NA,NA,NA,NA,NA,NA,NA,NA,NA,NA,NA,NA,NA,NA,NA,NA,NA,NA,NA,NA,NA,NA,NA,NA,NA,NA,NA,NA,NA,NA,NA,NA,NA,NA,NA,NA,NA,NA,NA,NA,NA,NA,NA,NA,NA,NA,NA,NA,NA,NA,NA,NA,NA,NA,NA,NA,NA,NA
11/5/2014,11/5/2014,1,2,116,1,NA,NA,NA,NA,NA,NA,1,1.075,171.779,180.99,8,NA,1,1,1,53,4,4,1,1,3,2,1,2,1,3,3,1,1,1,4,4,2,1,4,3,1,18,1,NA,1,9,8,3,9,9,1,9,1,NA,NA,NA,NA,NA,NA,NA,NA,NA,NA,NA,NA,NA,NA,NA,NA,NA,NA,NA,NA,NA,NA,NA,NA,NA,NA,NA,NA,NA,NA,NA,NA,NA,NA,NA,NA,NA,NA,NA,3,3,4,5,2,1,1,3,3,2,5,4,1,3,4,3,2,4,4,3,1,4,4,2,4,3,2,4,5,2,2,5,5,5,3,5,2,3,3,4,3,3,1,5,3,2,4,4,5,5,3,3,5,1,1,3,2,2,4,4,4,5,4,5,6,6,4,6,3,4,4,3,5,5,3,6,6,6,1
11/5/2014,11/5/2014,1,2,117,1,NA,NA,NA,NA,NA,NA,1,8.74,8.74,180.966,1,NA,1,1,1,61,3,3,2,1,3,2,2,3,1,3,3,2,2,1,3,3,2,2,3,3,1,22,1,NA,1,7,5,6,7,9,4,7,1,NA,NA,NA,NA,NA,NA,NA,NA,NA,NA,NA,NA,NA,NA,NA,NA,NA,NA,NA,NA,NA,NA,NA,NA,NA,NA,NA,NA,NA,NA,NA,NA,NA,NA,NA,NA,NA,NA,NA,2,3,2,4,1,1,2,3,3,2,4,3,2,3,3,4,2,4,3,2,2,2,4,3,3,2,2,2,4,2,3,3,2,2,2,4,3,4,3,4,3,3,2,4,3,2,3,4,5,3,4,4,5,3,3,4,2,3,4,3,3,4,5,4,4,4,5,4,4,4,4,3,4,3,4,5,5,4,1
11/5/2014,11/5/2014,1,1,114,1,1,1,0,0,181.01,0,NA,NA,NA,NA,NA,1,NA,1,1,53,2,2,2,2,2,1,2,2,2,2,2,2,2,1,3,3,3,2,3,2,2,19,1,1,1,6,8,7,7,8,5,6,1,1,1,pres,1,0,0,163.083,0,2,NA,NA,1,1,NA,50,25,54,42,2,2,3,2,2,1,2,2,2,2,2,3,2,1,2,2,2,1,2,2,1,NA,NA,NA,NA,NA,NA,NA,NA,NA,NA,NA,NA,NA,NA,NA,NA,NA,NA,NA,NA,NA,NA,NA,NA,NA,NA,NA,NA,NA,NA,NA,NA,NA,NA,NA,NA,NA,NA,NA,NA,NA,NA,NA,NA,NA,NA,NA,NA,NA,NA,NA,NA,NA,NA,NA,NA,NA,NA,NA,NA,NA,NA,NA,NA,NA,NA,NA,NA,NA,NA,NA,NA,NA,NA,NA,NA,NA,NA,NA
11/5/2014,11/5/2014,1,1,118,1,1,1,0,0,180.996,0,NA,NA,NA,NA,NA,1,NA,1,1,72,4,3,1,1,3,1,2,1,1,2,3,1,1,1,3,2,1,2,2,3,1,19,1,1,1,4,2,1,2,8,3,7,1,1,1,pres,1,0,0,119.854,0,2,NA,NA,NA,1,NA,1,74,32,72,3,3,1,1,3,1,1,3,1,3,3,1,1,1,4,4,1,1,2,3,1,NA,NA,NA,NA,NA,NA,NA,NA,NA,NA,NA,NA,NA,NA,NA,NA,NA,NA,NA,NA,NA,NA,NA,NA,NA,NA,NA,NA,NA,NA,NA,NA,NA,NA,NA,NA,NA,NA,NA,NA,NA,NA,NA,NA,NA,NA,NA,NA,NA,NA,NA,NA,NA,NA,NA,NA,NA,NA,NA,NA,NA,NA,NA,NA,NA,NA,NA,NA,NA,NA,NA,NA,NA,NA,NA,NA,NA,NA,NA
11/6/2014,11/6/2014,1,2,121,1,NA,NA,NA,NA,NA,NA,1,8.525,8.525,180.955,1,NA,1,1,1,29,2,2,3,2,2,2,2,1,1,1,1,1,1,2,2,1,2,1,1,1,2,21,1,NA,1,9,8,9,8,9,4,7,1,NA,NA,NA,NA,NA,NA,NA,NA,NA,NA,NA,NA,NA,NA,NA,NA,NA,NA,NA,NA,NA,NA,NA,NA,NA,NA,NA,NA,NA,NA,NA,NA,NA,NA,NA,NA,NA,NA,NA,5,5,5,5,5,1,1,3,3,2,3,4,2,3,4,3,2,4,4,2,4,2,2,1,1,3,2,3,4,1,4,4,4,3,4,4,2,3,4,4,3,3,3,3,4,3,6,6,5,6,2,2,3,3,3,4,5,5,5,5,4,2,4,6,6,5,5,3,3,3,3,2,5,4,5,2,2,5,1
11/6/2014,11/6/2014,1,1,123,1,1,1,0,0,181.01,0,NA,NA,NA,NA,NA,1,NA,1,1,77,2,3,2,2,2,1,1,3,1,2,3,2,2,1,2,3,1,2,2,3,2,19,1,1,1,9,6,9,8,9,4,7,1,1,1,pres,1,0,0,139.112,0,2,NA,NA,NA,1,NA,19,49,67,85,4,4,1,1,3,1,1,3,1,3,3,1,1,1,3,4,1,1,3,4,1,NA,NA,NA,NA,NA,NA,NA,NA,NA,NA,NA,NA,NA,NA,NA,NA,NA,NA,NA,NA,NA,NA,NA,NA,NA,NA,NA,NA,NA,NA,NA,NA,NA,NA,NA,NA,NA,NA,NA,NA,NA,NA,NA,NA,NA,NA,NA,NA,NA,NA,NA,NA,NA,NA,NA,NA,NA,NA,NA,NA,NA,NA,NA,NA,NA,NA,NA,NA,NA,NA,NA,NA,NA,NA,NA,NA,NA,NA,NA
11/6/2014,11/6/2014,1,1,120,1,1,1,0,0,181.012,0,NA,NA,NA,NA,NA,1,NA,1,1,47,2,3,3,3,2,1,1,2,1,2,2,2,3,1,2,3,1,2,3,3,1,18,1,1,1,8,6,9,7,8,3,9,1,1,1,pres,1,0,0,169.844,0,2,NA,NA,1,NA,NA,54,43,63,63,3,3,2,2,3,1,1,2,1,3,3,1,1,1,3,3,1,2,3,3,1,NA,NA,NA,NA,NA,NA,NA,NA,NA,NA,NA,NA,NA,NA,NA,NA,NA,NA,NA,NA,NA,NA,NA,NA,NA,NA,NA,NA,NA,NA,NA,NA,NA,NA,NA,NA,NA,NA,NA,NA,NA,NA,NA,NA,NA,NA,NA,NA,NA,NA,NA,NA,NA,NA,NA,NA,NA,NA,NA,NA,NA,NA,NA,NA,NA,NA,NA,NA,NA,NA,NA,NA,NA,NA,NA,NA,NA,NA,NA
11/6/2014,11/6/2014,1,2,122,1,NA,NA,NA,NA,NA,NA,1,6.867,6.867,180.984,1,NA,1,1,1,70,3,3,2,1,3,1,1,3,1,3,3,1,1,1,3,3,2,1,2,3,2,19,1,NA,1,7,9,9,9,9,2,9,1,NA,NA,NA,NA,NA,NA,NA,NA,NA,NA,NA,NA,NA,NA,NA,NA,NA,NA,NA,NA,NA,NA,NA,NA,NA,NA,NA,NA,NA,NA,NA,NA,NA,NA,NA,NA,NA,NA,NA,4,3,3,4,3,1,1,4,4,2,4,4,2,4,4,4,1,4,4,1,2,2,4,2,3,2,2,2,5,3,4,2,4,2,2,4,3,3,2,4,2,3,1,4,2,2,5,5,5,5,3,5,5,3,3,4,5,4,5,5,5,4,4,5,5,5,6,5,4,5,5,4,5,5,4,6,6,5,1
11/6/2014,11/6/2014,1,1,125,1,1,1,0,0,180.984,0,NA,NA,NA,NA,NA,1,NA,1,1,57,2,3,2,2,2,3,1,1,1,3,3,3,3,1,1,2,2,2,1,2,2,22,1,1,1,9,7,7,5,9,4,2,1,1,1,pres,1,0,0,113.149,0,2,NA,NA,NA,1,NA,55,55,74,58,2,3,2,2,3,2,1,3,1,2,2,2,1,1,2,2,1,2,1,3,1,NA,NA,NA,NA,NA,NA,NA,NA,NA,NA,NA,NA,NA,NA,NA,NA,NA,NA,NA,NA,NA,NA,NA,NA,NA,NA,NA,NA,NA,NA,NA,NA,NA,NA,NA,NA,NA,NA,NA,NA,NA,NA,NA,NA,NA,NA,NA,NA,NA,NA,NA,NA,NA,NA,NA,NA,NA,NA,NA,NA,NA,NA,NA,NA,NA,NA,NA,NA,NA,NA,NA,NA,NA,NA,NA,NA,NA,NA,NA
11/6/2014,11/6/2014,1,1,124,1,1,1,0,0,181.008,0,NA,NA,NA,NA,NA,1,NA,1,1,64,3,3,2,1,2,1,1,2,1,3,2,2,1,1,2,3,1,1,3,3,2,22,1,1,1,7,8,9,8,7,4,7,1,1,1,pres,1,0,0,164.159,0,2,NA,NA,NA,1,NA,56,65,66,59,3,3,2,1,3,1,1,3,1,2,2,1,1,1,3,3,1,1,3,3,1,NA,NA,NA,NA,NA,NA,NA,NA,NA,NA,NA,NA,NA,NA,NA,NA,NA,NA,NA,NA,NA,NA,NA,NA,NA,NA,NA,NA,NA,NA,NA,NA,NA,NA,NA,NA,NA,NA,NA,NA,NA,NA,NA,NA,NA,NA,NA,NA,NA,NA,NA,NA,NA,NA,NA,NA,NA,NA,NA,NA,NA,NA,NA,NA,NA,NA,NA,NA,NA,NA,NA,NA,NA,NA,NA,NA,NA,NA,NA
11/6/2014,11/6/2014,1,1,127,1,1,1,0,0,180.98,0,NA,NA,NA,NA,NA,1,NA,1,1,15,1,3,4,4,1,3,2,2,2,1,1,4,4,1,1,1,3,3,1,1,2,18,1,1,1,9,6,9,7,9,4,6,1,1,1,pres,1,0,0,122.055,0,2,NA,1,NA,NA,NA,100,0,76,20,2,3,1,1,3,1,1,2,1,3,2,1,1,1,3,2,1,1,2,3,1,NA,NA,NA,NA,NA,NA,NA,NA,NA,NA,NA,NA,NA,NA,NA,NA,NA,NA,NA,NA,NA,NA,NA,NA,NA,NA,NA,NA,NA,NA,NA,NA,NA,NA,NA,NA,NA,NA,NA,NA,NA,NA,NA,NA,NA,NA,NA,NA,NA,NA,NA,NA,NA,NA,NA,NA,NA,NA,NA,NA,NA,NA,NA,NA,NA,NA,NA,NA,NA,NA,NA,NA,NA,NA,NA,NA,NA,NA,NA
11/6/2014,11/6/2014,1,2,128,1,NA,NA,NA,NA,NA,NA,1,2.132,109.785,180.997,3,NA,1,1,1,67,3,3,1,1,3,1,2,3,1,3,3,1,2,2,3,3,2,1,3,3,2,19,1,NA,1,9,6,9,8,9,6,9,1,NA,NA,NA,NA,NA,NA,NA,NA,NA,NA,NA,NA,NA,NA,NA,NA,NA,NA,NA,NA,NA,NA,NA,NA,NA,NA,NA,NA,NA,NA,NA,NA,NA,NA,NA,NA,NA,NA,NA,3,3,3,4,2,1,4,3,4,5,3,4,4,4,3,4,4,3,5,3,4,2,5,4,2,3,4,3,4,5,4,2,3,2,2,4,4,3,4,4,2,4,2,3,3,4,5,5,3,4,2,2,4,4,4,3,2,2,1,2,3,2,3,2,3,4,4,4,3,3,3,4,4,2,2,5,5,5,1
11/6/2014,11/6/2014,1,1,133,1,1,1,0,0,180.97,0,NA,NA,NA,NA,NA,1,NA,1,1,81,3,3,2,2,3,1,2,3,1,3,2,2,1,1,3,3,1,1,2,3,2,20,1,1,1,9,9,9,7,9,7,4,1,1,1,pres,1,0,0,140.396,0,2,NA,NA,1,NA,NA,85,7,71,69,2,3,2,2,3,1,1,3,1,3,3,1,1,1,3,3,1,1,2,3,1,NA,NA,NA,NA,NA,NA,NA,NA,NA,NA,NA,NA,NA,NA,NA,NA,NA,NA,NA,NA,NA,NA,NA,NA,NA,NA,NA,NA,NA,NA,NA,NA,NA,NA,NA,NA,NA,NA,NA,NA,NA,NA,NA,NA,NA,NA,NA,NA,NA,NA,NA,NA,NA,NA,NA,NA,NA,NA,NA,NA,NA,NA,NA,NA,NA,NA,NA,NA,NA,NA,NA,NA,NA,NA,NA,NA,NA,NA,NA
11/6/2014,11/6/2014,1,1,130,1,1,1,0,0,180.999,0,NA,NA,NA,NA,NA,1,NA,1,1,37,3,4,2,1,3,2,1,2,1,2,4,1,1,1,3,3,1,1,2,3,2,20,1,1,1,9,6,9,5,9,1,9,1,1,1,pres,1,0,0,177.953,0,2,NA,NA,NA,1,NA,18,74,11,83,3,3,1,1,2,1,1,3,1,3,3,1,1,1,3,3,1,2,3,3,1,NA,NA,NA,NA,NA,NA,NA,NA,NA,NA,NA,NA,NA,NA,NA,NA,NA,NA,NA,NA,NA,NA,NA,NA,NA,NA,NA,NA,NA,NA,NA,NA,NA,NA,NA,NA,NA,NA,NA,NA,NA,NA,NA,NA,NA,NA,NA,NA,NA,NA,NA,NA,NA,NA,NA,NA,NA,NA,NA,NA,NA,NA,NA,NA,NA,NA,NA,NA,NA,NA,NA,NA,NA,NA,NA,NA,NA,NA,NA
11/6/2014,11/6/2014,1,2,129,1,NA,NA,NA,NA,NA,NA,1,4.387,114.261,180.998,9,NA,1,1,1,82,3,4,1,1,2,1,1,3,1,3,2,2,2,2,3,3,2,1,3,3,2,18,1,NA,1,6,9,4,8,5,1,6,1,NA,NA,NA,NA,NA,NA,NA,NA,NA,NA,NA,NA,NA,NA,NA,NA,NA,NA,NA,NA,NA,NA,NA,NA,NA,NA,NA,NA,NA,NA,NA,NA,NA,NA,NA,NA,NA,NA,NA,4,3,2,4,3,1,4,2,4,3,3,3,3,2,3,4,3,2,4,4,4,4,2,4,2,4,2,3,4,4,2,2,3,2,2,NA,5,2,3,4,2,2,4,3,3,4,2,6,6,5,4,2,3,2,3,4,4,4,4,5,4,4,4,5,5,5,4,5,3,3,4,2,2,1,4,4,4,4,1
11/6/2014,11/6/2014,1,2,132,1,NA,NA,NA,NA,NA,NA,1,9.04,77.516,180.966,2,NA,1,1,1,44,4,4,1,1,3,1,1,3,1,3,3,1,1,1,2,3,2,1,2,2,2,18,1,NA,1,9,9,9,9,9,5,8,1,NA,NA,NA,NA,NA,NA,NA,NA,NA,NA,NA,NA,NA,NA,NA,NA,NA,NA,NA,NA,NA,NA,NA,NA,NA,NA,NA,NA,NA,NA,NA,NA,NA,NA,NA,NA,NA,NA,NA,4,5,4,4,5,1,3,4,4,3,4,4,2,4,4,4,2,4,5,2,3,2,4,1,1,2,1,1,4,2,1,5,4,1,1,4,5,4,3,3,1,2,1,3,1,1,5,5,5,6,3,3,3,4,4,4,2,2,5,4,4,4,4,5,5,3,5,5,2,3,4,3,4,2,2,2,3,3,1
11/6/2014,11/6/2014,1,1,126,1,1,1,0,0,181.009,0,NA,NA,NA,NA,NA,1,NA,1,1,59,4,4,1,1,4,1,1,3,1,4,4,1,2,1,2,2,1,1,3,2,2,20,1,1,1,9,9,8,9,9,3,8,1,1,1,pres,1,0,0,143.787,0,2,NA,NA,NA,1,NA,21,78,49,76,4,4,1,1,4,1,1,4,1,4,4,1,1,1,3,2,1,1,2,2,1,NA,NA,NA,NA,NA,NA,NA,NA,NA,NA,NA,NA,NA,NA,NA,NA,NA,NA,NA,NA,NA,NA,NA,NA,NA,NA,NA,NA,NA,NA,NA,NA,NA,NA,NA,NA,NA,NA,NA,NA,NA,NA,NA,NA,NA,NA,NA,NA,NA,NA,NA,NA,NA,NA,NA,NA,NA,NA,NA,NA,NA,NA,NA,NA,NA,NA,NA,NA,NA,NA,NA,NA,NA,NA,NA,NA,NA,NA,NA
11/6/2014,11/6/2014,1,2,134,1,NA,NA,NA,NA,NA,NA,1,12.294,58.212,181,3,NA,1,1,1,64,4,4,1,1,3,1,2,3,1,3,3,1,1,1,4,3,1,1,3,3,2,18,1,NA,1,1,9,1,8,8,2,6,1,NA,NA,NA,NA,NA,NA,NA,NA,NA,NA,NA,NA,NA,NA,NA,NA,NA,NA,NA,NA,NA,NA,NA,NA,NA,NA,NA,NA,NA,NA,NA,NA,NA,NA,NA,NA,NA,NA,NA,1,3,1,4,4,1,2,4,4,2,4,5,2,4,4,4,1,5,4,1,1,2,4,1,3,2,1,2,5,1,4,2,4,2,2,4,4,3,3,4,2,3,2,4,2,2,4,6,6,5,4,4,5,3,2,5,5,4,4,4,5,4,5,4,4,5,5,6,5,4,3,4,4,4,5,5,6,5,1
11/6/2014,11/6/2014,1,1,131,1,1,1,0,0,180.972,0,NA,NA,NA,NA,NA,1,NA,1,1,35,2,1,3,3,2,2,3,2,2,2,2,3,2,1,1,3,1,2,2,1,2,20,1,1,1,8,9,9,3,9,5,4,1,1,1,pres,1,0,0,128.663,0,2,NA,NA,1,NA,NA,85,14,36,60,3,3,2,3,2,2,1,3,1,3,3,1,2,1,2,3,1,1,2,2,1,NA,NA,NA,NA,NA,NA,NA,NA,NA,NA,NA,NA,NA,NA,NA,NA,NA,NA,NA,NA,NA,NA,NA,NA,NA,NA,NA,NA,NA,NA,NA,NA,NA,NA,NA,NA,NA,NA,NA,NA,NA,NA,NA,NA,NA,NA,NA,NA,NA,NA,NA,NA,NA,NA,NA,NA,NA,NA,NA,NA,NA,NA,NA,NA,NA,NA,NA,NA,NA,NA,NA,NA,NA,NA,NA,NA,NA,NA,NA
11/6/2014,11/6/2014,1,1,136,1,1,1,0,0,181.011,0,NA,NA,NA,NA,NA,1,NA,1,1,64,3,4,2,2,2,1,2,3,2,3,3,2,1,1,3,3,1,1,2,3,2,20,1,1,1,9,5,9,5,9,4,8,1,1,1,pres,1,0,0,143.11,0,2,NA,NA,NA,NA,1,8,89,1,80,3,3,1,1,2,1,2,3,1,3,3,1,1,1,3,3,1,1,1,3,1,NA,NA,NA,NA,NA,NA,NA,NA,NA,NA,NA,NA,NA,NA,NA,NA,NA,NA,NA,NA,NA,NA,NA,NA,NA,NA,NA,NA,NA,NA,NA,NA,NA,NA,NA,NA,NA,NA,NA,NA,NA,NA,NA,NA,NA,NA,NA,NA,NA,NA,NA,NA,NA,NA,NA,NA,NA,NA,NA,NA,NA,NA,NA,NA,NA,NA,NA,NA,NA,NA,NA,NA,NA,NA,NA,NA,NA,NA,NA
11/6/2014,11/6/2014,1,2,135,1,NA,NA,NA,NA,NA,NA,1,5.133,136.836,180.996,4,NA,1,1,1,82,4,4,1,2,2,1,1,1,1,3,3,1,1,1,3,3,1,1,2,2,2,18,1,NA,1,9,4,9,8,9,2,7,1,NA,NA,NA,NA,NA,NA,NA,NA,NA,NA,NA,NA,NA,NA,NA,NA,NA,NA,NA,NA,NA,NA,NA,NA,NA,NA,NA,NA,NA,NA,NA,NA,NA,NA,NA,NA,NA,NA,NA,2,4,2,5,2,1,1,4,4,4,4,2,4,3,3,4,1,5,4,2,1,1,3,1,1,2,2,2,4,4,1,2,4,1,1,2,4,2,5,4,1,2,2,3,2,3,1,5,4,2,4,3,5,4,2,5,1,1,5,3,3,2,4,2,3,3,4,3,2,1,3,1,4,1,4,5,5,5,1
11/6/2014,11/6/2014,1,1,138,1,1,1,0,0,181.005,0,NA,NA,NA,NA,NA,1,NA,1,1,18,1,3,4,3,2,2,2,3,2,3,3,4,4,1,1,3,2,2,2,2,1,21,1,1,1,8,3,2,9,9,1,9,1,1,1,pres,1,0,0,134.926,0,1,NA,NA,1,NA,NA,36,79,79,44,3,3,2,3,3,1,2,3,1,3,4,2,2,1,3,4,1,2,3,3,1,NA,NA,NA,NA,NA,NA,NA,NA,NA,NA,NA,NA,NA,NA,NA,NA,NA,NA,NA,NA,NA,NA,NA,NA,NA,NA,NA,NA,NA,NA,NA,NA,NA,NA,NA,NA,NA,NA,NA,NA,NA,NA,NA,NA,NA,NA,NA,NA,NA,NA,NA,NA,NA,NA,NA,NA,NA,NA,NA,NA,NA,NA,NA,NA,NA,NA,NA,NA,NA,NA,NA,NA,NA,NA,NA,NA,NA,NA,NA
11/6/2014,11/6/2014,1,2,137,1,NA,NA,NA,NA,NA,NA,1,9.608,174.042,180.977,6,NA,1,1,1,61,3,4,2,1,3,1,2,3,1,3,3,1,2,2,3,2,2,3,2,2,2,24,1,NA,1,7,6,5,6,9,6,3,1,NA,NA,NA,NA,NA,NA,NA,NA,NA,NA,NA,NA,NA,NA,NA,NA,NA,NA,NA,NA,NA,NA,NA,NA,NA,NA,NA,NA,NA,NA,NA,NA,NA,NA,NA,NA,NA,NA,NA,4,3,4,3,4,1,3,2,2,3,4,NA,NA,NA,NA,NA,NA,NA,NA,NA,NA,3,4,3,3,3,2,3,4,3,3,4,4,3,3,4,3,2,4,3,3,3,3,3,2,4,5,5,5,4,3,4,5,4,4,3,4,3,5,5,5,5,5,5,4,5,5,4,4,4,3,4,5,4,5,5,5,5,1
11/6/2014,11/6/2014,1,2,139,1,NA,NA,NA,NA,NA,NA,1,2.157,160.162,180.991,5,NA,1,1,1,40,3,3,1,1,3,1,1,2,1,3,2,1,1,1,3,3,1,1,2,2,2,18,1,NA,1,9,7,3,9,3,1,7,1,NA,NA,NA,NA,NA,NA,NA,NA,NA,NA,NA,NA,NA,NA,NA,NA,NA,NA,NA,NA,NA,NA,NA,NA,NA,NA,NA,NA,NA,NA,NA,NA,NA,NA,NA,NA,NA,NA,NA,3,2,1,5,2,1,1,3,3,1,4,4,2,3,3,4,1,5,4,3,2,2,4,1,3,3,2,3,3,4,3,3,5,2,4,4,3,3,4,4,4,3,3,3,3,3,6,6,6,6,2,4,4,4,4,3,4,3,4,3,3,3,4,4,5,5,5,5,5,3,5,2,4,2,2,5,5,5,1
11/6/2014,11/6/2014,1,1,142,1,1,1,0,0,180.968,0,NA,NA,NA,NA,NA,1,NA,1,1,96,4,4,1,1,4,1,1,4,1,4,4,1,1,1,4,4,1,1,4,4,2,22,1,1,1,9,9,9,9,9,5,3,1,1,1,pres,1,0,0,107.103,0,2,NA,NA,NA,1,NA,0,100,6,98,4,4,1,1,4,1,1,4,1,4,4,1,1,1,4,4,1,1,4,4,1,NA,NA,NA,NA,NA,NA,NA,NA,NA,NA,NA,NA,NA,NA,NA,NA,NA,NA,NA,NA,NA,NA,NA,NA,NA,NA,NA,NA,NA,NA,NA,NA,NA,NA,NA,NA,NA,NA,NA,NA,NA,NA,NA,NA,NA,NA,NA,NA,NA,NA,NA,NA,NA,NA,NA,NA,NA,NA,NA,NA,NA,NA,NA,NA,NA,NA,NA,NA,NA,NA,NA,NA,NA,NA,NA,NA,NA,NA,NA
11/6/2014,11/6/2014,1,2,143,1,NA,NA,NA,NA,NA,NA,1,1.953,152.744,181.001,3,NA,1,1,1,82,4,4,1,1,4,1,2,3,1,4,3,1,1,1,4,3,2,1,3,4,2,17,1,NA,1,7,9,9,6,8,3,7,1,NA,NA,NA,NA,NA,NA,NA,NA,NA,NA,NA,NA,NA,NA,NA,NA,NA,NA,NA,NA,NA,NA,NA,NA,NA,NA,NA,NA,NA,NA,NA,NA,NA,NA,NA,NA,NA,NA,NA,3,3,4,4,4,1,1,4,4,3,3,4,4,4,4,4,3,4,2,3,4,2,3,2,2,3,3,4,4,4,3,4,4,2,3,4,4,1,3,4,2,3,3,2,2,2,6,6,6,6,1,4,6,4,1,5,5,5,5,2,2,4,6,6,5,4,6,5,5,4,4,4,4,3,2,6,6,6,1
11/6/2014,11/6/2014,1,1,140,1,1,1,5.331,5.331,180.966,1,NA,NA,NA,NA,NA,1,NA,1,1,57,2,3,2,2,2,1,1,3,1,3,2,2,2,1,2,4,2,1,3,3,2,18,1,1,1,9,8,9,7,9,2,7,1,1,1,pres,1,0,0,186.312,0,2,NA,NA,1,NA,NA,1,96,69,82,4,3,1,1,3,1,1,3,1,3,3,1,1,1,3,3,1,1,2,3,1,NA,NA,NA,NA,NA,NA,NA,NA,NA,NA,NA,NA,NA,NA,NA,NA,NA,NA,NA,NA,NA,NA,NA,NA,NA,NA,NA,NA,NA,NA,NA,NA,NA,NA,NA,NA,NA,NA,NA,NA,NA,NA,NA,NA,NA,NA,NA,NA,NA,NA,NA,NA,NA,NA,NA,NA,NA,NA,NA,NA,NA,NA,NA,NA,NA,NA,NA,NA,NA,NA,NA,NA,NA,NA,NA,NA,NA,NA,NA
11/6/2014,11/6/2014,1,1,144,1,1,1,0,0,180.98,0,NA,NA,NA,NA,NA,1,NA,1,1,50,3,3,1,1,3,1,1,2,1,3,3,2,2,1,3,3,1,2,1,3,2,18,1,1,1,8,6,5,6,5,2,7,1,1,1,PRES,1,0,0,134.564,0,1,NA,NA,NA,1,NA,22,41,63,61,2,3,1,1,3,1,1,3,1,3,3,1,1,1,3,3,1,1,3,3,1,NA,NA,NA,NA,NA,NA,NA,NA,NA,NA,NA,NA,NA,NA,NA,NA,NA,NA,NA,NA,NA,NA,NA,NA,NA,NA,NA,NA,NA,NA,NA,NA,NA,NA,NA,NA,NA,NA,NA,NA,NA,NA,NA,NA,NA,NA,NA,NA,NA,NA,NA,NA,NA,NA,NA,NA,NA,NA,NA,NA,NA,NA,NA,NA,NA,NA,NA,NA,NA,NA,NA,NA,NA,NA,NA,NA,NA,NA,NA
11/6/2014,11/6/2014,1,2,141,1,NA,NA,NA,NA,NA,NA,1,4.911,4.911,180.995,1,NA,1,1,1,55,2,4,2,1,3,1,2,2,1,3,2,2,2,1,2,3,2,1,2,3,2,18,1,NA,1,5,7,8,6,8,3,7,1,NA,NA,NA,NA,NA,NA,NA,NA,NA,NA,NA,NA,NA,NA,NA,NA,NA,NA,NA,NA,NA,NA,NA,NA,NA,NA,NA,NA,NA,NA,NA,NA,NA,NA,NA,NA,NA,NA,NA,4,5,3,4,3,1,2,4,2,2,4,3,2,5,3,4,2,2,4,2,2,2,4,2,2,2,2,3,4,4,2,2,4,3,2,4,4,2,3,3,2,4,4,3,3,2,4,5,4,5,3,4,4,3,3,3,6,4,4,4,4,4,4,5,4,4,5,4,3,3,4,4,2,1,3,4,4,5,1
11/6/2014,11/6/2014,1,1,146,1,1,1,0,0,180.999,0,NA,NA,NA,NA,NA,1,NA,1,1,50,2,3,2,3,2,1,2,1,1,2,2,2,2,1,2,3,2,1,3,2,1,18,1,1,1,4,3,8,7,9,2,6,1,1,1,pres,1,0,0,166.471,0,2,NA,NA,NA,1,NA,58,32,79,62,2,3,2,2,3,1,2,2,1,3,3,2,1,1,2,3,2,1,3,2,1,NA,NA,NA,NA,NA,NA,NA,NA,NA,NA,NA,NA,NA,NA,NA,NA,NA,NA,NA,NA,NA,NA,NA,NA,NA,NA,NA,NA,NA,NA,NA,NA,NA,NA,NA,NA,NA,NA,NA,NA,NA,NA,NA,NA,NA,NA,NA,NA,NA,NA,NA,NA,NA,NA,NA,NA,NA,NA,NA,NA,NA,NA,NA,NA,NA,NA,NA,NA,NA,NA,NA,NA,NA,NA,NA,NA,NA,NA,NA
11/6/2014,11/6/2014,1,2,149,1,NA,NA,NA,NA,NA,NA,1,6.903,171.299,181.012,2,NA,1,1,1,53,3,3,2,2,3,2,2,3,2,3,3,2,2,2,3,3,2,2,3,3,2,18,1,NA,1,3,8,9,7,2,2,9,1,NA,NA,NA,NA,NA,NA,NA,NA,NA,NA,NA,NA,NA,NA,NA,NA,NA,NA,NA,NA,NA,NA,NA,NA,NA,NA,NA,NA,NA,NA,NA,NA,NA,NA,NA,NA,NA,NA,NA,2,2,2,4,3,1,1,4,4,1,5,1,2,4,4,3,1,5,1,4,1,4,2,2,4,4,1,1,5,4,4,5,4,5,3,4,2,5,1,5,5,1,1,5,4,1,2,5,3,4,4,6,5,3,3,5,5,5,5,5,5,5,5,5,4,3,4,5,3,4,4,4,4,4,4,6,4,4,1
11/6/2014,11/6/2014,1,2,148,1,NA,NA,NA,NA,NA,NA,1,1.437,1.437,180.968,1,NA,1,1,1,79,2,4,2,2,3,1,3,3,2,3,3,1,2,2,3,3,3,1,3,3,2,20,1,NA,1,5,8,4,7,7,3,4,1,NA,NA,NA,NA,NA,NA,NA,NA,NA,NA,NA,NA,NA,NA,NA,NA,NA,NA,NA,NA,NA,NA,NA,NA,NA,NA,NA,NA,NA,NA,NA,NA,NA,NA,NA,NA,NA,NA,NA,3,2,2,4,2,1,2,4,3,4,3,4,2,4,4,4,4,2,4,2,4,2,4,3,2,2,2,4,4,4,2,3,2,4,3,2,4,2,3,NA,2,3,4,2,4,2,4,5,5,5,5,4,5,3,5,3,5,3,5,3,3,3,5,5,5,6,5,3,3,5,4,5,5,5,5,5,5,5,1
11/6/2014,11/6/2014,1,1,147,1,1,1,0,0,180.969,0,NA,NA,NA,NA,NA,1,NA,1,1,64,3,3,2,2,4,3,1,3,1,2,2,2,2,1,3,3,2,1,3,3,2,17,1,1,1,7,4,6,8,9,3,8,1,1,1,pres,1,0,0,189.346,0,2,NA,NA,NA,1,NA,12,83,70,82,3,4,1,2,3,1,1,4,1,3,3,1,1,1,3,4,1,1,3,3,1,NA,NA,NA,NA,NA,NA,NA,NA,NA,NA,NA,NA,NA,NA,NA,NA,NA,NA,NA,NA,NA,NA,NA,NA,NA,NA,NA,NA,NA,NA,NA,NA,NA,NA,NA,NA,NA,NA,NA,NA,NA,NA,NA,NA,NA,NA,NA,NA,NA,NA,NA,NA,NA,NA,NA,NA,NA,NA,NA,NA,NA,NA,NA,NA,NA,NA,NA,NA,NA,NA,NA,NA,NA,NA,NA,NA,NA,NA,NA
11/6/2014,11/6/2014,1,2,145,1,NA,NA,NA,NA,NA,NA,1,6.131,166.307,180.993,10,NA,1,1,1,56,4,4,2,1,2,1,1,2,1,3,2,1,1,2,3,3,1,1,4,3,1,19,1,NA,1,8,9,8,7,6,1,3,1,NA,NA,NA,NA,NA,NA,NA,NA,NA,NA,NA,NA,NA,NA,NA,NA,NA,NA,NA,NA,NA,NA,NA,NA,NA,NA,NA,NA,NA,NA,NA,NA,NA,NA,NA,NA,NA,NA,NA,1,5,2,2,2,1,2,4,4,4,4,5,4,4,4,2,2,1,2,2,2,2,4,2,2,2,2,2,5,1,3,4,4,2,2,3,3,1,2,3,4,2,3,3,4,3,3,5,5,3,3,5,5,2,4,5,2,2,3,5,4,4,3,1,1,4,2,2,3,3,5,3,3,2,4,5,5,5,1
11/6/2014,11/6/2014,1,1,150,1,1,1,0,0,180.988,0,NA,NA,NA,NA,NA,1,NA,1,1,20,1,2,3,3,1,2,2,2,2,1,1,3,3,2,1,1,2,2,1,1,2,20,1,1,1,9,7,8,9,9,6,8,1,1,1,pres,1,0,0,124.392,0,2,NA,1,1,NA,NA,71,29,58,62,2,2,1,2,1,2,1,2,1,1,1,2,2,1,1,2,1,2,2,2,1,NA,NA,NA,NA,NA,NA,NA,NA,NA,NA,NA,NA,NA,NA,NA,NA,NA,NA,NA,NA,NA,NA,NA,NA,NA,NA,NA,NA,NA,NA,NA,NA,NA,NA,NA,NA,NA,NA,NA,NA,NA,NA,NA,NA,NA,NA,NA,NA,NA,NA,NA,NA,NA,NA,NA,NA,NA,NA,NA,NA,NA,NA,NA,NA,NA,NA,NA,NA,NA,NA,NA,NA,NA,NA,NA,NA,NA,NA,NA
11/6/2014,11/6/2014,1,1,152,1,1,1,0,0,180.999,0,NA,NA,NA,NA,NA,1,NA,1,1,57,3,3,1,1,3,2,1,2,1,2,2,2,2,1,3,2,2,2,3,3,2,19,1,1,1,9,9,8,6,9,1,7,1,1,1,pres,1,0,0,98.467,0,2,NA,NA,NA,1,NA,4,85,93,72,3,3,1,2,3,2,1,3,1,3,3,1,1,2,3,3,1,2,2,3,1,NA,NA,NA,NA,NA,NA,NA,NA,NA,NA,NA,NA,NA,NA,NA,NA,NA,NA,NA,NA,NA,NA,NA,NA,NA,NA,NA,NA,NA,NA,NA,NA,NA,NA,NA,NA,NA,NA,NA,NA,NA,NA,NA,NA,NA,NA,NA,NA,NA,NA,NA,NA,NA,NA,NA,NA,NA,NA,NA,NA,NA,NA,NA,NA,NA,NA,NA,NA,NA,NA,NA,NA,NA,NA,NA,NA,NA,NA,NA
11/6/2014,11/6/2014,1,2,155,1,NA,NA,NA,NA,NA,NA,1,14.322,62.03,180.966,4,NA,1,1,1,57,2,2,2,2,2,1,1,2,1,1,2,2,2,1,1,2,2,2,2,2,2,19,1,NA,1,7,9,9,7,8,3,5,1,NA,NA,NA,NA,NA,NA,NA,NA,NA,NA,NA,NA,NA,NA,NA,NA,NA,NA,NA,NA,NA,NA,NA,NA,NA,NA,NA,NA,NA,NA,NA,NA,NA,NA,NA,NA,NA,NA,NA,5,4,1,5,2,1,2,3,4,4,4,3,2,4,3,4,2,1,3,3,3,2,4,1,3,3,2,3,4,4,3,3,4,2,3,4,4,3,3,4,2,3,2,4,3,2,6,6,5,5,5,5,4,4,5,3,4,4,3,3,4,3,3,4,5,5,4,5,4,5,4,4,5,4,4,6,6,6,1
11/6/2014,11/6/2014,1,2,156,1,NA,NA,NA,NA,NA,NA,1,7.794,7.794,181.011,1,NA,1,1,1,76,3,4,2,3,4,1,2,4,1,3,2,1,1,2,3,3,2,2,3,3,2,18,1,NA,1,7,9,9,9,9,3,7,1,NA,NA,NA,NA,NA,NA,NA,NA,NA,NA,NA,NA,NA,NA,NA,NA,NA,NA,NA,NA,NA,NA,NA,NA,NA,NA,NA,NA,NA,NA,NA,NA,NA,NA,NA,NA,NA,NA,NA,4,3,1,2,4,1,1,5,5,2,4,5,1,5,4,5,2,5,3,1,2,1,3,1,4,1,2,2,5,3,5,1,4,1,1,5,4,1,5,4,2,4,1,4,2,1,5,5,4,4,4,4,5,2,2,5,6,4,5,4,3,2,4,6,5,6,5,5,2,4,5,5,4,3,4,5,6,4,1
11/6/2014,11/6/2014,1,1,159,1,1,1,0,0,180.998,0,NA,NA,NA,NA,NA,1,NA,1,1,9,1,1,4,4,1,2,4,2,3,2,2,4,4,2,1,2,3,3,1,2,2,18,1,1,1,9,8,9,8,9,8,8,1,1,1,pres,1,0,0,131.428,0,2,NA,1,NA,NA,NA,100,0,93,0,1,2,4,4,2,2,3,1,2,1,1,3,3,2,1,2,2,2,1,1,1,NA,NA,NA,NA,NA,NA,NA,NA,NA,NA,NA,NA,NA,NA,NA,NA,NA,NA,NA,NA,NA,NA,NA,NA,NA,NA,NA,NA,NA,NA,NA,NA,NA,NA,NA,NA,NA,NA,NA,NA,NA,NA,NA,NA,NA,NA,NA,NA,NA,NA,NA,NA,NA,NA,NA,NA,NA,NA,NA,NA,NA,NA,NA,NA,NA,NA,NA,NA,NA,NA,NA,NA,NA,NA,NA,NA,NA,NA,NA
11/6/2014,11/6/2014,1,1,154,1,1,1,0,0,180.979,0,NA,NA,NA,NA,NA,1,NA,1,1,62,2,3,3,3,2,3,1,1,2,2,2,3,3,1,1,2,2,1,1,2,2,18,1,1,1,8,8,6,9,9,4,5,1,1,1,pres,1,0,0,195.413,0,2,NA,NA,1,NA,NA,73,8,67,67,3,3,1,1,3,1,1,3,1,3,2,1,1,1,3,3,1,1,2,3,1,NA,NA,NA,NA,NA,NA,NA,NA,NA,NA,NA,NA,NA,NA,NA,NA,NA,NA,NA,NA,NA,NA,NA,NA,NA,NA,NA,NA,NA,NA,NA,NA,NA,NA,NA,NA,NA,NA,NA,NA,NA,NA,NA,NA,NA,NA,NA,NA,NA,NA,NA,NA,NA,NA,NA,NA,NA,NA,NA,NA,NA,NA,NA,NA,NA,NA,NA,NA,NA,NA,NA,NA,NA,NA,NA,NA,NA,NA,NA
11/6/2014,11/6/2014,1,2,151,1,NA,NA,NA,NA,NA,NA,1,8.635,8.635,180.996,1,NA,1,1,1,76,3,3,1,1,4,1,1,2,1,3,3,1,1,1,3,3,1,1,3,3,1,23,1,NA,1,4,8,7,6,5,4,7,1,NA,NA,NA,NA,NA,NA,NA,NA,NA,NA,NA,NA,NA,NA,NA,NA,NA,NA,NA,NA,NA,NA,NA,NA,NA,NA,NA,NA,NA,NA,NA,NA,NA,NA,NA,NA,NA,NA,NA,3,4,3,4,3,1,3,4,4,2,3,4,2,4,4,4,4,4,2,2,3,2,4,1,2,2,2,2,4,3,4,3,4,2,2,4,3,3,4,4,2,3,2,3,3,2,4,4,5,5,4,4,4,2,3,4,4,2,5,4,4,4,4,4,3,5,5,5,4,5,4,5,4,4,4,4,5,5,1
11/6/2014,11/6/2014,1,2,157,1,NA,NA,NA,NA,NA,NA,1,4.276,4.276,180.973,1,NA,1,1,1,42,1,2,2,2,2,1,2,2,1,2,1,2,1,2,2,2,2,2,2,2,2,19,1,NA,1,9,5,9,5,9,3,6,1,NA,NA,NA,NA,NA,NA,NA,NA,NA,NA,NA,NA,NA,NA,NA,NA,NA,NA,NA,NA,NA,NA,NA,NA,NA,NA,NA,NA,NA,NA,NA,NA,NA,NA,NA,NA,NA,NA,NA,4,4,5,4,4,1,2,5,4,1,3,5,1,5,5,4,2,4,3,2,2,2,4,4,4,2,1,2,5,3,3,4,4,2,4,4,4,3,4,4,2,2,2,4,4,3,6,6,6,6,3,5,5,3,5,2,5,4,5,5,5,4,5,5,5,5,6,5,3,2,3,1,4,3,2,4,4,6,1
11/6/2014,11/6/2014,1,1,158,1,1,1,0,0,181.011,0,NA,NA,NA,NA,NA,1,NA,1,1,72,3,2,1,2,3,1,3,2,1,3,1,1,2,2,2,3,2,2,3,3,2,22,1,1,1,9,9,9,7,8,5,7,1,1,1,pres,1,113.503,114.22,114.628,2,2,NA,1,NA,NA,NA,75,22,58,35,1,1,2,3,1,3,2,2,2,2,1,3,3,3,1,1,2,3,1,1,1,NA,NA,NA,NA,NA,NA,NA,NA,NA,NA,NA,NA,NA,NA,NA,NA,NA,NA,NA,NA,NA,NA,NA,NA,NA,NA,NA,NA,NA,NA,NA,NA,NA,NA,NA,NA,NA,NA,NA,NA,NA,NA,NA,NA,NA,NA,NA,NA,NA,NA,NA,NA,NA,NA,NA,NA,NA,NA,NA,NA,NA,NA,NA,NA,NA,NA,NA,NA,NA,NA,NA,NA,NA,NA,NA,NA,NA,NA,NA
11/6/2014,11/6/2014,1,2,160,1,NA,NA,NA,NA,NA,NA,1,6.302,6.302,180.998,1,NA,1,1,1,47,3,4,1,2,3,2,3,2,1,2,3,2,1,2,3,2,3,2,1,2,1,18,1,NA,1,7,9,8,9,9,3,6,1,NA,NA,NA,NA,NA,NA,NA,NA,NA,NA,NA,NA,NA,NA,NA,NA,NA,NA,NA,NA,NA,NA,NA,NA,NA,NA,NA,NA,NA,NA,NA,NA,NA,NA,NA,NA,NA,NA,NA,2,3,4,2,4,1,2,1,2,2,2,3,2,3,2,1,3,4,4,3,2,4,4,1,2,4,1,5,4,5,4,4,4,5,2,3,2,1,1,4,5,2,3,2,3,2,2,5,6,4,3,4,5,3,3,3,5,4,5,5,5,4,5,4,2,5,5,5,6,5,4,2,1,2,2,5,6,5,1
11/7/2014,11/7/2014,1,1,162,1,1,1,0,0,181.005,0,NA,NA,NA,NA,NA,1,NA,1,1,77,4,4,1,1,4,1,1,3,1,4,4,1,1,1,4,4,1,1,3,4,1,19,1,1,1,8,3,8,2,9,1,9,1,1,1,pres,1,0,0,165.73,0,2,NA,NA,NA,NA,1,0,100,31,89,4,4,1,1,4,1,1,4,1,4,4,1,1,1,4,4,1,1,3,4,1,NA,NA,NA,NA,NA,NA,NA,NA,NA,NA,NA,NA,NA,NA,NA,NA,NA,NA,NA,NA,NA,NA,NA,NA,NA,NA,NA,NA,NA,NA,NA,NA,NA,NA,NA,NA,NA,NA,NA,NA,NA,NA,NA,NA,NA,NA,NA,NA,NA,NA,NA,NA,NA,NA,NA,NA,NA,NA,NA,NA,NA,NA,NA,NA,NA,NA,NA,NA,NA,NA,NA,NA,NA,NA,NA,NA,NA,NA,NA
11/7/2014,11/7/2014,1,1,161,1,1,1,0,0,181.003,0,NA,NA,NA,NA,NA,1,NA,1,1,11,1,2,3,2,1,2,3,2,3,2,1,2,3,1,1,2,3,2,2,1,2,19,1,1,1,7,8,6,4,8,6,7,1,1,1,pres,1,0,0,49.347,0,2,NA,1,NA,NA,NA,87,15,72,31,2,2,3,3,1,1,2,2,2,1,1,3,3,1,2,2,3,2,2,1,1,NA,NA,NA,NA,NA,NA,NA,NA,NA,NA,NA,NA,NA,NA,NA,NA,NA,NA,NA,NA,NA,NA,NA,NA,NA,NA,NA,NA,NA,NA,NA,NA,NA,NA,NA,NA,NA,NA,NA,NA,NA,NA,NA,NA,NA,NA,NA,NA,NA,NA,NA,NA,NA,NA,NA,NA,NA,NA,NA,NA,NA,NA,NA,NA,NA,NA,NA,NA,NA,NA,NA,NA,NA,NA,NA,NA,NA,NA,NA
11/7/2014,11/7/2014,1,1,164,1,1,1,28.653,28.653,181.002,1,NA,NA,NA,NA,NA,1,NA,1,1,60,3,2,2,2,2,2,2,2,2,2,2,2,2,2,2,2,2,2,2,2,2,22,1,1,1,9,7,7,8,8,7,8,1,1,1,pres,1,0,0,69.388,0,2,NA,NA,1,NA,NA,58,40,62,62,3,3,3,2,3,1,1,2,1,3,3,2,1,1,3,3,1,1,3,3,1,NA,NA,NA,NA,NA,NA,NA,NA,NA,NA,NA,NA,NA,NA,NA,NA,NA,NA,NA,NA,NA,NA,NA,NA,NA,NA,NA,NA,NA,NA,NA,NA,NA,NA,NA,NA,NA,NA,NA,NA,NA,NA,NA,NA,NA,NA,NA,NA,NA,NA,NA,NA,NA,NA,NA,NA,NA,NA,NA,NA,NA,NA,NA,NA,NA,NA,NA,NA,NA,NA,NA,NA,NA,NA,NA,NA,NA,NA,NA
11/7/2014,11/7/2014,1,2,163,1,NA,NA,NA,NA,NA,NA,1,1.295,93.272,180.978,2,NA,1,1,1,76,3,3,2,2,3,2,1,3,1,3,3,3,3,1,2,3,1,1,3,3,2,19,1,NA,1,8,8,8,9,9,6,8,1,NA,NA,NA,NA,NA,NA,NA,NA,NA,NA,NA,NA,NA,NA,NA,NA,NA,NA,NA,NA,NA,NA,NA,NA,NA,NA,NA,NA,NA,NA,NA,NA,NA,NA,NA,NA,NA,NA,NA,4,5,4,4,3,1,2,5,5,2,5,3,3,5,5,4,2,5,3,3,2,2,5,5,3,1,2,2,5,3,2,2,3,1,3,4,5,3,3,3,2,3,2,4,2,3,5,5,5,5,5,5,6,2,2,3,4,3,4,3,5,4,3,5,5,5,5,5,4,4,4,5,4,4,4,5,5,5,1
11/7/2014,11/7/2014,1,1,165,1,1,1,0,0,181.012,0,NA,NA,NA,NA,NA,1,NA,1,1,71,2,3,3,3,2,2,2,2,2,2,2,3,3,3,2,2,3,3,2,2,2,18,1,1,1,7,6,7,6,5,5,7,1,1,1,pres,1,0,0,142.98,0,2,NA,NA,1,NA,NA,80,19,36,65,2,3,2,2,3,2,2,3,1,2,2,1,1,2,3,3,2,2,3,3,1,NA,NA,NA,NA,NA,NA,NA,NA,NA,NA,NA,NA,NA,NA,NA,NA,NA,NA,NA,NA,NA,NA,NA,NA,NA,NA,NA,NA,NA,NA,NA,NA,NA,NA,NA,NA,NA,NA,NA,NA,NA,NA,NA,NA,NA,NA,NA,NA,NA,NA,NA,NA,NA,NA,NA,NA,NA,NA,NA,NA,NA,NA,NA,NA,NA,NA,NA,NA,NA,NA,NA,NA,NA,NA,NA,NA,NA,NA,NA
11/7/2014,11/7/2014,1,2,167,1,NA,NA,NA,NA,NA,NA,1,9.25,82.193,181.006,23,NA,1,1,1,87,4,4,1,1,3,1,2,3,2,3,3,1,1,2,4,3,1,1,3,3,1,18,1,NA,1,9,8,3,6,9,3,3,1,NA,NA,NA,NA,NA,NA,NA,NA,NA,NA,NA,NA,NA,NA,NA,NA,NA,NA,NA,NA,NA,NA,NA,NA,NA,NA,NA,NA,NA,NA,NA,NA,NA,NA,NA,NA,NA,NA,NA,2,5,1,4,4,1,4,4,4,3,4,3,4,3,4,4,4,3,3,2,3,2,5,2,2,2,2,4,4,2,3,3,4,2,3,3,4,NA,3,3,3,4,4,4,3,3,5,5,5,5,3,5,3,3,5,4,4,4,5,4,4,4,5,5,3,4,1,1,5,5,4,3,5,4,5,5,3,4,1
11/7/2014,11/7/2014,1,2,166,1,NA,NA,NA,NA,NA,NA,1,3.3,84.22,180.982,2,NA,1,1,1,72,2,4,3,2,3,3,2,3,1,3,3,2,2,2,3,3,1,1,2,3,1,19,1,NA,1,9,7,8,5,8,5,4,1,NA,NA,NA,NA,NA,NA,NA,NA,NA,NA,NA,NA,NA,NA,NA,NA,NA,NA,NA,NA,NA,NA,NA,NA,NA,NA,NA,NA,NA,NA,NA,NA,NA,NA,NA,NA,NA,NA,NA,3,5,4,5,4,1,2,5,4,3,4,3,3,4,5,NA,3,2,4,2,2,2,3,3,4,2,3,2,5,4,2,4,5,1,2,3,4,4,3,3,2,3,3,3,4,3,4,6,5,5,2,3,1,4,3,5,5,5,4,5,5,4,5,3,6,5,6,6,5,4,2,2,3,4,5,6,6,6,1
11/7/2014,11/7/2014,1,1,171,1,1,1,0,0,180.967,0,NA,NA,NA,NA,NA,1,NA,1,1,76,3,4,1,1,3,1,1,3,1,3,3,1,1,1,3,3,1,1,3,3,2,18,1,1,1,9,9,9,8,9,5,7,1,1,1,pres,1,0,0,67.384,0,2,NA,NA,1,NA,NA,14,66,70,75,3,4,2,2,3,1,1,3,1,3,3,1,1,1,3,3,1,1,3,3,1,NA,NA,NA,NA,NA,NA,NA,NA,NA,NA,NA,NA,NA,NA,NA,NA,NA,NA,NA,NA,NA,NA,NA,NA,NA,NA,NA,NA,NA,NA,NA,NA,NA,NA,NA,NA,NA,NA,NA,NA,NA,NA,NA,NA,NA,NA,NA,NA,NA,NA,NA,NA,NA,NA,NA,NA,NA,NA,NA,NA,NA,NA,NA,NA,NA,NA,NA,NA,NA,NA,NA,NA,NA,NA,NA,NA,NA,NA,NA
11/7/2014,11/7/2014,1,1,173,1,1,1,0,0,181.004,0,NA,NA,NA,NA,NA,1,NA,1,1,66,3,3,2,2,3,2,2,3,2,3,3,2,2,2,2,3,2,1,3,3,2,21,1,1,1,9,6,9,8,9,4,7,1,1,1,pres,1,0,0,47.456,0,2,NA,NA,NA,1,NA,10,38,79,74,3,3,2,2,3,1,2,2,1,3,2,2,2,2,2,3,2,1,2,2,1,NA,NA,NA,NA,NA,NA,NA,NA,NA,NA,NA,NA,NA,NA,NA,NA,NA,NA,NA,NA,NA,NA,NA,NA,NA,NA,NA,NA,NA,NA,NA,NA,NA,NA,NA,NA,NA,NA,NA,NA,NA,NA,NA,NA,NA,NA,NA,NA,NA,NA,NA,NA,NA,NA,NA,NA,NA,NA,NA,NA,NA,NA,NA,NA,NA,NA,NA,NA,NA,NA,NA,NA,NA,NA,NA,NA,NA,NA,NA
11/7/2014,11/7/2014,1,2,168,1,NA,NA,NA,NA,NA,NA,1,6.274,123.543,180.997,2,NA,1,1,1,95,2,3,1,1,2,1,2,1,1,2,1,1,1,1,2,2,3,1,2,2,2,21,1,NA,1,9,2,8,3,9,3,9,1,NA,NA,NA,NA,NA,NA,NA,NA,NA,NA,NA,NA,NA,NA,NA,NA,NA,NA,NA,NA,NA,NA,NA,NA,NA,NA,NA,NA,NA,NA,NA,NA,NA,NA,NA,NA,NA,NA,NA,5,5,5,5,2,1,1,4,4,3,2,4,3,4,4,4,1,5,4,1,1,1,5,1,1,1,1,1,4,3,2,1,5,1,1,4,3,1,2,4,1,4,2,3,2,4,5,5,1,3,2,2,6,2,5,2,5,4,2,5,5,4,2,6,6,5,2,2,1,1,1,1,1,1,1,2,2,2,1
11/7/2014,11/7/2014,1,2,176,1,NA,NA,NA,NA,NA,NA,1,1.292,110.36,180.973,17,NA,1,1,1,75,4,4,1,1,4,1,2,4,1,4,3,1,1,1,4,4,2,1,4,4,2,21,1,NA,1,9,6,9,7,7,7,6,1,NA,NA,NA,NA,NA,NA,NA,NA,NA,NA,NA,NA,NA,NA,NA,NA,NA,NA,NA,NA,NA,NA,NA,NA,NA,NA,NA,NA,NA,NA,NA,NA,NA,NA,NA,NA,NA,NA,NA,5,2,1,2,5,1,1,2,4,2,4,3,5,4,4,4,1,4,3,3,5,1,2,1,2,3,2,2,4,5,3,2,4,2,1,5,4,2,4,4,2,4,3,4,3,4,5,5,5,5,2,5,5,5,5,3,3,2,5,3,3,3,5,5,5,6,6,6,6,6,5,5,5,5,6,6,6,6,1
11/7/2014,11/7/2014,1,1,175,1,1,1,0,0,180.967,0,NA,NA,NA,NA,NA,1,NA,1,1,46,3,3,2,2,3,1,1,2,1,2,2,2,2,1,2,3,1,1,2,2,2,21,1,1,1,7,5,5,7,8,4,7,1,1,1,pres,1,0,0,4.591,0,2,NA,NA,NA,1,NA,58,45,70,46,3,3,1,2,3,1,1,2,1,2,2,1,1,1,2,2,1,2,2,2,1,NA,NA,NA,NA,NA,NA,NA,NA,NA,NA,NA,NA,NA,NA,NA,NA,NA,NA,NA,NA,NA,NA,NA,NA,NA,NA,NA,NA,NA,NA,NA,NA,NA,NA,NA,NA,NA,NA,NA,NA,NA,NA,NA,NA,NA,NA,NA,NA,NA,NA,NA,NA,NA,NA,NA,NA,NA,NA,NA,NA,NA,NA,NA,NA,NA,NA,NA,NA,NA,NA,NA,NA,NA,NA,NA,NA,NA,NA,NA
11/7/2014,11/7/2014,1,1,169,1,1,1,0,0,181.007,0,NA,NA,NA,NA,NA,1,NA,1,1,42,1,2,4,3,2,3,3,1,2,1,1,3,3,2,1,2,3,4,2,1,2,18,1,1,1,9,9,8,8,9,2,3,1,1,1,pres,1,0,0,7.809,0,2,NA,NA,NA,1,NA,87,39,91,58,3,3,2,2,2,3,1,3,1,2,3,1,1,1,3,3,1,2,2,2,1,NA,NA,NA,NA,NA,NA,NA,NA,NA,NA,NA,NA,NA,NA,NA,NA,NA,NA,NA,NA,NA,NA,NA,NA,NA,NA,NA,NA,NA,NA,NA,NA,NA,NA,NA,NA,NA,NA,NA,NA,NA,NA,NA,NA,NA,NA,NA,NA,NA,NA,NA,NA,NA,NA,NA,NA,NA,NA,NA,NA,NA,NA,NA,NA,NA,NA,NA,NA,NA,NA,NA,NA,NA,NA,NA,NA,NA,NA,NA
11/7/2014,11/7/2014,1,2,170,1,NA,NA,NA,NA,NA,NA,1,5.86,9.361,180.966,5,NA,1,1,1,65,4,4,1,1,3,1,2,3,1,3,3,1,1,3,3,3,1,1,3,3,2,21,1,NA,1,8,8,6,8,8,6,8,1,NA,NA,NA,NA,NA,NA,NA,NA,NA,NA,NA,NA,NA,NA,NA,NA,NA,NA,NA,NA,NA,NA,NA,NA,NA,NA,NA,NA,NA,NA,NA,NA,NA,NA,NA,NA,NA,NA,NA,3,4,4,4,3,1,2,4,4,2,4,4,2,4,4,4,2,3,4,2,2,2,4,2,3,2,2,4,4,4,4,2,4,3,2,4,3,3,2,4,3,3,2,4,3,2,4,5,6,4,4,4,5,3,2,3,4,4,4,4,5,5,5,5,4,5,4,5,3,3,3,2,2,2,3,5,5,5,1
11/7/2014,11/7/2014,1,1,174,1,1,1,0,0,180.969,0,NA,NA,NA,NA,NA,1,NA,1,1,74,3,3,1,2,3,1,1,3,1,4,3,1,1,1,3,4,1,1,3,3,2,17,1,1,1,9,9,7,8,9,2,2,1,1,1,pres,1,0,0,118.095,0,2,NA,NA,NA,1,NA,37,24,42,76,3,3,1,1,4,1,1,3,1,4,3,1,1,1,4,4,1,1,3,3,1,NA,NA,NA,NA,NA,NA,NA,NA,NA,NA,NA,NA,NA,NA,NA,NA,NA,NA,NA,NA,NA,NA,NA,NA,NA,NA,NA,NA,NA,NA,NA,NA,NA,NA,NA,NA,NA,NA,NA,NA,NA,NA,NA,NA,NA,NA,NA,NA,NA,NA,NA,NA,NA,NA,NA,NA,NA,NA,NA,NA,NA,NA,NA,NA,NA,NA,NA,NA,NA,NA,NA,NA,NA,NA,NA,NA,NA,NA,NA
11/7/2014,11/7/2014,1,2,172,1,NA,NA,NA,NA,NA,NA,1,2.45,179.765,180.975,14,NA,1,1,1,68,4,4,2,1,3,1,2,3,1,3,3,2,2,2,3,3,1,1,3,3,1,20,1,NA,1,9,8,9,8,9,3,9,1,NA,NA,NA,NA,NA,NA,NA,NA,NA,NA,NA,NA,NA,NA,NA,NA,NA,NA,NA,NA,NA,NA,NA,NA,NA,NA,NA,NA,NA,NA,NA,NA,NA,NA,NA,NA,NA,NA,NA,4,4,2,4,2,1,4,3,4,2,4,5,3,4,3,4,2,1,4,2,2,1,4,5,2,2,3,3,4,3,3,3,3,3,2,3,4,2,4,3,2,4,3,3,3,4,5,5,3,5,5,5,6,2,4,5,4,4,5,4,4,3,4,3,5,4,4,4,4,2,4,3,3,3,3,5,5,5,1
11/7/2014,11/7/2014,1,1,177,1,1,1,0,0,180.999,0,NA,NA,NA,NA,NA,1,NA,1,1,74,2,2,2,2,2,1,3,2,2,2,2,1,1,1,2,2,2,2,2,2,2,18,1,1,1,6,8,7,7,6,3,7,1,1,1,pres,1,0,0,116.883,0,2,NA,NA,1,NA,NA,94,11,89,81,2,3,2,2,2,1,2,2,1,2,2,1,1,1,2,2,2,2,2,2,1,NA,NA,NA,NA,NA,NA,NA,NA,NA,NA,NA,NA,NA,NA,NA,NA,NA,NA,NA,NA,NA,NA,NA,NA,NA,NA,NA,NA,NA,NA,NA,NA,NA,NA,NA,NA,NA,NA,NA,NA,NA,NA,NA,NA,NA,NA,NA,NA,NA,NA,NA,NA,NA,NA,NA,NA,NA,NA,NA,NA,NA,NA,NA,NA,NA,NA,NA,NA,NA,NA,NA,NA,NA,NA,NA,NA,NA,NA,NA
11/7/2014,11/7/2014,1,2,178,1,NA,NA,NA,NA,NA,NA,1,5.107,5.107,181.023,1,NA,1,1,1,84,3,3,1,1,3,1,1,2,1,3,3,1,1,1,3,3,1,1,3,3,2,18,1,NA,1,8,8,8,7,7,4,6,1,NA,NA,NA,NA,NA,NA,NA,NA,NA,NA,NA,NA,NA,NA,NA,NA,NA,NA,NA,NA,NA,NA,NA,NA,NA,NA,NA,NA,NA,NA,NA,NA,NA,NA,NA,NA,NA,NA,NA,2,2,2,4,4,1,2,4,4,2,4,4,2,4,4,4,2,2,2,2,4,2,3,2,2,2,2,3,4,4,4,2,4,2,3,4,4,2,3,3,3,2,2,3,4,3,2,5,2,2,5,5,5,2,2,5,5,2,3,2,3,3,4,3,3,5,4,4,2,2,4,4,3,2,4,6,6,5,1
11/7/2014,11/7/2014,1,2,179,1,NA,NA,NA,NA,NA,NA,1,3.085,9.876,180.965,7,NA,1,1,1,66,4,4,1,1,4,1,1,2,1,4,4,1,1,2,4,3,1,1,4,4,1,23,1,NA,1,4,2,7,8,9,6,7,1,NA,NA,NA,NA,NA,NA,NA,NA,NA,NA,NA,NA,NA,NA,NA,NA,NA,NA,NA,NA,NA,NA,NA,NA,NA,NA,NA,NA,NA,NA,NA,NA,NA,NA,NA,NA,NA,NA,NA,4,4,4,4,5,1,1,3,2,1,4,5,2,4,4,4,1,4,5,2,5,NA,5,1,4,2,2,3,5,3,4,2,5,2,2,5,2,3,4,5,2,4,1,4,3,2,5,5,5,4,3,3,4,3,2,5,5,4,5,5,4,4,5,4,5,5,5,5,4,4,4,3,4,4,4,5,5,5,1
11/7/2014,11/7/2014,1,1,181,1,1,1,0,0,180.971,0,NA,NA,NA,NA,NA,1,NA,1,1,47,2,2,3,3,2,2,2,1,2,2,3,3,3,3,1,2,2,3,1,2,1,22,1,1,1,4,7,3,8,2,1,9,1,1,1,pres,1,0,0,5.029,0,2,NA,NA,1,NA,NA,86,11,48,65,2,2,2,2,3,2,1,2,1,3,3,2,2,1,2,3,2,2,2,3,1,NA,NA,NA,NA,NA,NA,NA,NA,NA,NA,NA,NA,NA,NA,NA,NA,NA,NA,NA,NA,NA,NA,NA,NA,NA,NA,NA,NA,NA,NA,NA,NA,NA,NA,NA,NA,NA,NA,NA,NA,NA,NA,NA,NA,NA,NA,NA,NA,NA,NA,NA,NA,NA,NA,NA,NA,NA,NA,NA,NA,NA,NA,NA,NA,NA,NA,NA,NA,NA,NA,NA,NA,NA,NA,NA,NA,NA,NA,NA
11/7/2014,11/7/2014,1,2,180,1,NA,NA,NA,NA,NA,NA,1,14.331,14.331,181.001,1,NA,1,1,1,65,3,3,1,1,3,1,1,2,1,2,3,2,2,1,2,2,2,3,2,2,1,22,1,NA,1,9,7,9,6,9,1,9,1,NA,NA,NA,NA,NA,NA,NA,NA,NA,NA,NA,NA,NA,NA,NA,NA,NA,NA,NA,NA,NA,NA,NA,NA,NA,NA,NA,NA,NA,NA,NA,NA,NA,NA,NA,NA,NA,NA,NA,4,2,1,5,4,1,3,4,4,2,4,4,3,4,4,3,3,4,3,2,3,3,2,2,2,3,2,3,4,3,3,4,4,3,2,4,3,2,3,4,2,3,3,2,4,3,5,5,5,5,3,5,5,4,5,4,5,5,5,5,5,5,5,5,5,6,5,5,5,4,5,5,5,5,5,6,6,6,1
11/7/2014,11/7/2014,1,1,188,1,1,1,75.668,77.061,180.999,2,NA,NA,NA,NA,NA,1,NA,1,1,63,3,3,1,1,2,1,2,3,1,2,2,2,3,1,2,2,2,1,3,2,2,20,1,1,1,9,9,9,8,9,5,1,1,1,1,pres,1,0,0,102.712,0,2,NA,NA,1,NA,NA,100,0,0,64,2,2,3,3,2,1,1,2,1,2,2,1,1,1,3,3,1,2,3,3,1,NA,NA,NA,NA,NA,NA,NA,NA,NA,NA,NA,NA,NA,NA,NA,NA,NA,NA,NA,NA,NA,NA,NA,NA,NA,NA,NA,NA,NA,NA,NA,NA,NA,NA,NA,NA,NA,NA,NA,NA,NA,NA,NA,NA,NA,NA,NA,NA,NA,NA,NA,NA,NA,NA,NA,NA,NA,NA,NA,NA,NA,NA,NA,NA,NA,NA,NA,NA,NA,NA,NA,NA,NA,NA,NA,NA,NA,NA,NA
11/7/2014,11/7/2014,1,2,182,1,NA,NA,NA,NA,NA,NA,1,9.098,9.098,180.97,1,NA,1,1,1,72,4,4,2,2,3,1,1,3,1,2,3,1,1,1,1,4,2,2,3,3,1,22,1,NA,1,7,8,5,7,9,5,8,1,NA,NA,NA,NA,NA,NA,NA,NA,NA,NA,NA,NA,NA,NA,NA,NA,NA,NA,NA,NA,NA,NA,NA,NA,NA,NA,NA,NA,NA,NA,NA,NA,NA,NA,NA,NA,NA,NA,NA,3,3,4,4,4,1,3,4,4,2,3,4,2,4,4,3,4,4,3,2,2,2,2,2,2,2,2,2,2,2,4,4,4,4,3,5,3,2,3,4,3,2,2,2,2,2,4,5,5,5,2,2,5,2,2,4,4,4,4,5,5,5,5,3,4,4,5,4,4,4,5,5,5,4,5,6,5,5,1
11/7/2014,11/7/2014,1,1,183,1,1,1,0,0,180.982,0,NA,NA,NA,NA,NA,1,NA,1,1,63,2,2,1,1,2,1,1,3,1,3,3,2,1,1,3,3,1,1,3,3,2,25,1,1,1,4,8,5,4,8,4,8,1,1,1,pres,1,0,0,94.523,0,2,NA,NA,1,NA,NA,94,0,70,94,4,3,1,1,3,1,1,3,1,4,3,1,1,1,4,3,1,1,3,4,1,NA,NA,NA,NA,NA,NA,NA,NA,NA,NA,NA,NA,NA,NA,NA,NA,NA,NA,NA,NA,NA,NA,NA,NA,NA,NA,NA,NA,NA,NA,NA,NA,NA,NA,NA,NA,NA,NA,NA,NA,NA,NA,NA,NA,NA,NA,NA,NA,NA,NA,NA,NA,NA,NA,NA,NA,NA,NA,NA,NA,NA,NA,NA,NA,NA,NA,NA,NA,NA,NA,NA,NA,NA,NA,NA,NA,NA,NA,NA
11/7/2014,11/7/2014,1,1,185,1,1,1,0,0,180.97,0,NA,NA,NA,NA,NA,1,NA,1,1,35,2,3,3,3,2,1,2,2,2,2,2,3,3,2,2,2,2,2,2,2,2,18,1,1,1,7,6,4,4,9,5,6,1,1,1,pres,1,0,0,110.983,0,2,NA,NA,NA,1,NA,57,47,55,53,3,3,2,3,3,2,1,3,1,2,3,2,2,1,2,3,1,2,2,3,1,NA,NA,NA,NA,NA,NA,NA,NA,NA,NA,NA,NA,NA,NA,NA,NA,NA,NA,NA,NA,NA,NA,NA,NA,NA,NA,NA,NA,NA,NA,NA,NA,NA,NA,NA,NA,NA,NA,NA,NA,NA,NA,NA,NA,NA,NA,NA,NA,NA,NA,NA,NA,NA,NA,NA,NA,NA,NA,NA,NA,NA,NA,NA,NA,NA,NA,NA,NA,NA,NA,NA,NA,NA,NA,NA,NA,NA,NA,NA
11/7/2014,11/7/2014,1,2,186,1,NA,NA,NA,NA,NA,NA,1,3.389,154.513,181,13,NA,1,1,1,62,4,3,1,1,3,2,2,2,1,3,2,1,1,2,2,3,2,1,2,3,2,18,1,NA,1,7,7,6,7,9,3,9,1,NA,NA,NA,NA,NA,NA,NA,NA,NA,NA,NA,NA,NA,NA,NA,NA,NA,NA,NA,NA,NA,NA,NA,NA,NA,NA,NA,NA,NA,NA,NA,NA,NA,NA,NA,NA,NA,NA,NA,5,4,1,5,4,1,2,3,4,2,5,4,1,3,4,3,1,4,3,3,3,3,5,2,3,4,2,4,4,5,3,4,5,3,3,5,4,3,1,4,3,2,2,5,4,2,2,6,5,2,2,3,5,5,6,2,3,3,5,4,4,4,4,2,2,2,4,2,2,4,4,4,2,2,3,5,5,5,1
11/7/2014,11/7/2014,1,2,184,1,NA,NA,NA,NA,NA,NA,1,7.133,176.987,180.995,9,NA,1,1,1,70,3,4,1,1,4,1,1,2,1,2,3,1,1,1,3,3,1,2,3,3,2,18,1,NA,1,7,6,7,6,4,1,7,1,NA,NA,NA,NA,NA,NA,NA,NA,NA,NA,NA,NA,NA,NA,NA,NA,NA,NA,NA,NA,NA,NA,NA,NA,NA,NA,NA,NA,NA,NA,NA,NA,NA,NA,NA,NA,NA,NA,NA,5,3,3,4,3,1,2,4,4,2,4,3,2,4,3,4,2,4,3,2,2,2,1,1,4,2,2,2,5,2,3,2,4,2,2,4,4,1,4,3,2,2,2,4,2,2,5,6,4,4,3,3,5,3,2,4,5,5,5,5,4,3,4,4,5,5,5,5,3,4,5,5,4,3,5,4,4,4,1
11/7/2014,11/7/2014,1,1,190,1,1,1,0,0,181.003,0,NA,NA,NA,NA,NA,1,NA,1,1,59,2,2,2,1,2,1,1,2,1,3,2,1,1,1,2,3,1,1,2,2,2,18,1,1,1,6,9,7,7,8,3,7,1,1,1,pres,1,0,0,76.289,0,2,NA,NA,1,NA,NA,80,24,61,62,3,2,2,1,3,2,1,2,1,3,3,1,1,1,2,2,1,1,2,2,1,NA,NA,NA,NA,NA,NA,NA,NA,NA,NA,NA,NA,NA,NA,NA,NA,NA,NA,NA,NA,NA,NA,NA,NA,NA,NA,NA,NA,NA,NA,NA,NA,NA,NA,NA,NA,NA,NA,NA,NA,NA,NA,NA,NA,NA,NA,NA,NA,NA,NA,NA,NA,NA,NA,NA,NA,NA,NA,NA,NA,NA,NA,NA,NA,NA,NA,NA,NA,NA,NA,NA,NA,NA,NA,NA,NA,NA,NA,NA
11/7/2014,11/7/2014,1,2,187,1,NA,NA,NA,NA,NA,NA,1,1.422,2.715,180.997,2,NA,1,1,1,42,2,2,2,1,2,1,1,2,1,1,2,1,1,2,2,2,1,1,1,2,2,18,1,NA,1,9,5,9,7,9,6,5,1,NA,NA,NA,NA,NA,NA,NA,NA,NA,NA,NA,NA,NA,NA,NA,NA,NA,NA,NA,NA,NA,NA,NA,NA,NA,NA,NA,NA,NA,NA,NA,NA,NA,NA,NA,NA,NA,NA,NA,4,4,3,5,3,1,2,4,3,2,3,3,3,3,3,4,2,2,4,3,2,3,3,3,2,3,3,2,4,2,2,3,3,2,2,3,3,3,2,4,3,1,3,3,4,3,6,6,4,6,2,3,2,5,4,2,5,5,4,5,4,2,3,6,5,5,5,5,4,3,4,4,4,3,2,5,5,4,1
11/7/2014,11/7/2014,1,1,189,1,1,1,148.539,148.539,181,1,NA,NA,NA,NA,NA,1,NA,1,1,61,2,3,2,2,2,1,1,2,1,2,3,1,1,1,2,3,1,1,2,2,2,18,1,1,1,8,7,8,4,8,4,3,1,1,1,pres,1,0,0,68.136,0,2,NA,NA,NA,1,NA,9,43,40,75,2,3,1,2,2,1,1,2,1,3,2,1,1,1,2,3,1,1,2,2,1,NA,NA,NA,NA,NA,NA,NA,NA,NA,NA,NA,NA,NA,NA,NA,NA,NA,NA,NA,NA,NA,NA,NA,NA,NA,NA,NA,NA,NA,NA,NA,NA,NA,NA,NA,NA,NA,NA,NA,NA,NA,NA,NA,NA,NA,NA,NA,NA,NA,NA,NA,NA,NA,NA,NA,NA,NA,NA,NA,NA,NA,NA,NA,NA,NA,NA,NA,NA,NA,NA,NA,NA,NA,NA,NA,NA,NA,NA,NA
11/3/2014,11/3/2014,0,1,27,1,1,1,0,0,180.996,0,NA,NA,NA,NA,NA,1,NA,1,NA,NA,NA,NA,NA,NA,NA,NA,NA,NA,NA,NA,NA,NA,NA,NA,NA,NA,NA,NA,NA,NA,NA,NA,NA,NA,NA,NA,NA,NA,NA,NA,NA,NA,NA,NA,NA,NA,NA,NA,NA,NA,NA,NA,NA,NA,NA,NA,NA,NA,NA,NA,NA,NA,NA,NA,NA,NA,NA,NA,NA,NA,NA,NA,NA,NA,NA,NA,NA,NA,NA,NA,NA,NA,NA,NA,NA,NA,NA,NA,NA,NA,NA,NA,NA,NA,NA,NA,NA,NA,NA,NA,NA,NA,NA,NA,NA,NA,NA,NA,NA,NA,NA,NA,NA,NA,NA,NA,NA,NA,NA,NA,NA,NA,NA,NA,NA,NA,NA,NA,NA,NA,NA,NA,NA,NA,NA,NA,NA,NA,NA,NA,NA,NA,NA,NA,NA,NA,NA,NA,NA,NA,NA,NA,NA,NA,NA,NA,NA,NA,NA,NA,NA
11/4/2014,11/4/2014,0,2,75,1,NA,NA,NA,NA,NA,NA,NA,NA,NA,NA,NA,NA,NA,NA,NA,NA,NA,NA,NA,NA,NA,NA,NA,NA,NA,NA,NA,NA,NA,NA,NA,NA,NA,NA,NA,NA,NA,NA,NA,NA,NA,NA,NA,NA,NA,NA,NA,NA,NA,NA,NA,NA,NA,NA,NA,NA,NA,NA,NA,NA,NA,NA,NA,NA,NA,NA,NA,NA,NA,NA,NA,NA,NA,NA,NA,NA,NA,NA,NA,NA,NA,NA,NA,NA,NA,NA,NA,NA,NA,NA,NA,NA,NA,NA,NA,NA,NA,NA,NA,NA,NA,NA,NA,NA,NA,NA,NA,NA,NA,NA,NA,NA,NA,NA,NA,NA,NA,NA,NA,NA,NA,NA,NA,NA,NA,NA,NA,NA,NA,NA,NA,NA,NA,NA,NA,NA,NA,NA,NA,NA,NA,NA,NA,NA,NA,NA,NA,NA,NA,NA,NA,NA,NA,NA,NA,NA,NA,NA,NA,NA,NA,NA,NA,NA,NA,NA,NA
11/5/2014,11/5/2014,0,1,119,1,1,1,0,0,181.008,0,NA,NA,NA,NA,NA,1,NA,1,1,17,1,1,1,1,1,2,2,1,3,1,3,1,1,1,1,1,1,1,1,1,2,20,1,1,1,9,8,9,7,9,5,3,1,NA,NA,NA,NA,NA,NA,NA,NA,NA,NA,NA,NA,NA,NA,NA,NA,NA,NA,NA,NA,NA,NA,NA,NA,NA,NA,NA,NA,NA,NA,NA,NA,NA,NA,NA,NA,NA,NA,NA,NA,NA,NA,NA,NA,NA,NA,NA,NA,NA,NA,NA,NA,NA,NA,NA,NA,NA,NA,NA,NA,NA,NA,NA,NA,NA,NA,NA,NA,NA,NA,NA,NA,NA,NA,NA,NA,NA,NA,NA,NA,NA,NA,NA,NA,NA,NA,NA,NA,NA,NA,NA,NA,NA,NA,NA,NA,NA,NA,NA,NA,NA,NA,NA,NA,NA,NA,NA,NA,NA,NA,NA,NA,NA,NA,NA,NA,NA,NA
11/11/2014,11/11/2014,0,1,NA,1,1,1,0,0,181.002,0,NA,NA,NA,NA,NA,1,NA,1,1,59,1,1,1,1,1,1,1,1,1,1,1,1,1,1,1,1,1,1,1,1,1,test,1,1,1,1,NA,NA,NA,NA,NA,NA,NA,NA,NA,NA,NA,NA,NA,NA,NA,NA,NA,NA,NA,NA,NA,NA,NA,NA,NA,NA,NA,NA,NA,NA,NA,NA,NA,NA,NA,NA,NA,NA,NA,NA,NA,NA,NA,NA,NA,NA,NA,NA,NA,NA,NA,NA,NA,NA,NA,NA,NA,NA,NA,NA,NA,NA,NA,NA,NA,NA,NA,NA,NA,NA,NA,NA,NA,NA,NA,NA,NA,NA,NA,NA,NA,NA,NA,NA,NA,NA,NA,NA,NA,NA,NA,NA,NA,NA,NA,NA,NA,NA,NA,NA,NA,NA,NA,NA,NA,NA,NA,NA,NA,NA,NA,NA,NA,NA,NA,NA,NA,NA,NA,NA,NA,NA,NA,NA,NA
11/12/2014,11/12/2014,0,2,NA,1,NA,NA,NA,NA,NA,NA,1,123.347,123.347,181.004,1,NA,1,1,1,71,1,1,1,1,1,1,1,1,1,1,1,1,1,1,1,1,1,1,1,1,2,test,1,NA,NA,NA,NA,NA,NA,NA,NA,NA,NA,NA,NA,NA,NA,NA,NA,NA,NA,NA,NA,NA,NA,NA,NA,NA,NA,NA,NA,NA,NA,NA,NA,NA,NA,NA,NA,NA,NA,NA,NA,NA,NA,NA,NA,NA,NA,NA,NA,NA,NA,NA,NA,NA,NA,NA,NA,NA,NA,NA,NA,NA,NA,NA,NA,NA,NA,NA,NA,NA,NA,NA,NA,NA,NA,NA,NA,NA,NA,NA,NA,NA,NA,NA,NA,NA,NA,NA,NA,NA,NA,NA,NA,NA,NA,NA,NA,NA,NA,NA,NA,NA,NA,NA,NA,NA,NA,NA,NA,NA,NA,NA,NA,NA,NA,NA,NA,NA,NA,NA,NA,NA,NA,NA,NA,NA,NA,NA,NA
11/12/2014,11/12/2014,0,1,NA,1,1,1,1.599,1.599,181.007,1,NA,NA,NA,NA,NA,1,NA,1,1,62,1,1,1,1,1,1,1,1,1,1,1,1,1,1,1,1,1,1,1,1,2,test,1,1,1,1,1,1,1,1,1,1,1,NA,NA,NA,NA,NA,NA,NA,NA,NA,NA,NA,NA,NA,NA,NA,NA,NA,NA,NA,NA,NA,NA,NA,NA,NA,NA,NA,NA,NA,NA,NA,NA,NA,NA,NA,NA,NA,NA,NA,NA,NA,NA,NA,NA,NA,NA,NA,NA,NA,NA,NA,NA,NA,NA,NA,NA,NA,NA,NA,NA,NA,NA,NA,NA,NA,NA,NA,NA,NA,NA,NA,NA,NA,NA,NA,NA,NA,NA,NA,NA,NA,NA,NA,NA,NA,NA,NA,NA,NA,NA,NA,NA,NA,NA,NA,NA,NA,NA,NA,NA,NA,NA,NA,NA,NA,NA,NA,NA,NA,NA,NA,NA,NA,NA,NA,NA,NA,NA
11/27/2014,11/27/2014,0,2,NA,1,NA,NA,NA,NA,NA,NA,1,NA,NA,NA,NA,NA,NA,NA,NA,NA,NA,NA,NA,NA,NA,NA,NA,NA,NA,NA,NA,NA,NA,NA,NA,NA,NA,NA,NA,NA,NA,NA,NA,NA,NA,NA,NA,NA,NA,NA,NA,NA,NA,NA,NA,NA,NA,NA,NA,NA,NA,NA,NA,NA,NA,NA,NA,NA,NA,NA,NA,NA,NA,NA,NA,NA,NA,NA,NA,NA,NA,NA,NA,NA,NA,NA,NA,NA,NA,NA,NA,NA,NA,NA,NA,NA,NA,NA,NA,NA,NA,NA,NA,NA,NA,NA,NA,NA,NA,NA,NA,NA,NA,NA,NA,NA,NA,NA,NA,NA,NA,NA,NA,NA,NA,NA,NA,NA,NA,NA,NA,NA,NA,NA,NA,NA,NA,NA,NA,NA,NA,NA,NA,NA,NA,NA,NA,NA,NA,NA,NA,NA,NA,NA,NA,NA,NA,NA,NA,NA,NA,NA,NA,NA,NA,NA,NA,NA,NA,NA,NA
11/27/2014,11/27/2014,0,2,NA,1,NA,NA,NA,NA,NA,NA,1,NA,NA,NA,NA,NA,NA,NA,NA,NA,NA,NA,NA,NA,NA,NA,NA,NA,NA,NA,NA,NA,NA,NA,NA,NA,NA,NA,NA,NA,NA,NA,NA,NA,NA,NA,NA,NA,NA,NA,NA,NA,NA,NA,NA,NA,NA,NA,NA,NA,NA,NA,NA,NA,NA,NA,NA,NA,NA,NA,NA,NA,NA,NA,NA,NA,NA,NA,NA,NA,NA,NA,NA,NA,NA,NA,NA,NA,NA,NA,NA,NA,NA,NA,NA,NA,NA,NA,NA,NA,NA,NA,NA,NA,NA,NA,NA,NA,NA,NA,NA,NA,NA,NA,NA,NA,NA,NA,NA,NA,NA,NA,NA,NA,NA,NA,NA,NA,NA,NA,NA,NA,NA,NA,NA,NA,NA,NA,NA,NA,NA,NA,NA,NA,NA,NA,NA,NA,NA,NA,NA,NA,NA,NA,NA,NA,NA,NA,NA,NA,NA,NA,NA,NA,NA,NA,NA,NA,NA,NA,NA
1/11/2015,1/11/2015,0,1,NA,1,1,1,0,0,181.023,0,NA,NA,NA,NA,NA,1,NA,1,1,64,1,1,1,1,1,1,1,1,1,1,1,1,1,1,1,1,1,1,1,1,2,test,NA,NA,NA,NA,NA,NA,NA,NA,NA,NA,NA,NA,NA,NA,NA,NA,NA,NA,NA,NA,NA,NA,NA,NA,NA,NA,NA,NA,NA,NA,NA,NA,NA,NA,NA,NA,NA,NA,NA,NA,NA,NA,NA,NA,NA,NA,NA,NA,NA,NA,NA,NA,NA,NA,NA,NA,NA,NA,NA,NA,NA,NA,NA,NA,NA,NA,NA,NA,NA,NA,NA,NA,NA,NA,NA,NA,NA,NA,NA,NA,NA,NA,NA,NA,NA,NA,NA,NA,NA,NA,NA,NA,NA,NA,NA,NA,NA,NA,NA,NA,NA,NA,NA,NA,NA,NA,NA,NA,NA,NA,NA,NA,NA,NA,NA,NA,NA,NA,NA,NA,NA,NA,NA,NA,NA,NA,NA,NA,NA
1/13/2015,1/13/2015,0,2,NA,1,NA,NA,NA,NA,NA,NA,1,0,0,181.023,0,NA,1,1,NA,NA,NA,NA,NA,NA,NA,NA,NA,NA,NA,NA,NA,NA,NA,NA,NA,NA,NA,NA,NA,NA,NA,NA,NA,NA,NA,NA,NA,NA,NA,NA,NA,NA,NA,NA,NA,NA,NA,NA,NA,NA,NA,NA,NA,NA,NA,NA,NA,NA,NA,NA,NA,NA,NA,NA,NA,NA,NA,NA,NA,NA,NA,NA,NA,NA,NA,NA,NA,NA,NA,NA,NA,NA,NA,NA,NA,NA,NA,NA,NA,NA,NA,NA,NA,NA,NA,NA,NA,NA,NA,NA,NA,NA,NA,NA,NA,NA,NA,NA,NA,NA,NA,NA,NA,NA,NA,NA,NA,NA,NA,NA,NA,NA,NA,NA,NA,NA,NA,NA,NA,NA,NA,NA,NA,NA,NA,NA,NA,NA,NA,NA,NA,NA,NA,NA,NA,NA,NA,NA,NA,NA,NA,NA,NA,NA,NA,NA,NA,NA,NA,NA,NA
1/26/2015,1/26/2015,0,1,NA,1,1,1,0,0,181.016,0,NA,NA,NA,NA,NA,1,NA,1,1,67,2,2,2,2,2,2,2,2,2,2,2,2,2,2,2,2,2,2,2,2,1,33,1,1,1,6,6,6,6,6,6,6,1,NA,NA,NA,NA,NA,NA,NA,NA,NA,NA,NA,NA,NA,NA,NA,NA,NA,NA,NA,NA,NA,NA,NA,NA,NA,NA,NA,NA,NA,NA,NA,NA,NA,NA,NA,NA,NA,NA,NA,NA,NA,NA,NA,NA,NA,NA,NA,NA,NA,NA,NA,NA,NA,NA,NA,NA,NA,NA,NA,NA,NA,NA,NA,NA,NA,NA,NA,NA,NA,NA,NA,NA,NA,NA,NA,NA,NA,NA,NA,NA,NA,NA,NA,NA,NA,NA,NA,NA,NA,NA,NA,NA,NA,NA,NA,NA,NA,NA,NA,NA,NA,NA,NA,NA,NA,NA,NA,NA,NA,NA,NA,NA,NA,NA,NA,NA,NA,NA
1/26/2015,1/26/2015,0,2,NA,1,NA,NA,NA,NA,NA,NA,1,7.943,41.022,181.545,2,NA,1,1,1,61,2,2,2,2,2,2,2,2,2,2,2,2,2,2,2,2,2,2,2,2,2,23,1,NA,1,6,6,6,6,6,6,6,1,NA,NA,NA,NA,NA,NA,NA,NA,NA,NA,NA,NA,NA,NA,NA,NA,NA,NA,NA,NA,NA,NA,NA,NA,NA,NA,NA,NA,NA,NA,NA,NA,NA,NA,NA,NA,NA,NA,NA,NA,NA,NA,NA,NA,NA,NA,NA,NA,NA,NA,NA,NA,NA,NA,NA,NA,NA,NA,NA,NA,NA,NA,NA,NA,NA,NA,NA,NA,NA,NA,NA,NA,NA,NA,NA,NA,NA,NA,NA,NA,NA,NA,NA,NA,NA,NA,NA,NA,NA,NA,NA,NA,NA,NA,NA,NA,NA,NA,NA,NA,NA,NA,NA,NA,NA,NA,NA,NA,NA,NA,NA,NA,NA,NA,NA,NA,NA,NA
